I1,Q1,I2,Q2,I3,Q3,I1_dpd,Q1_dpd,I2_dpd,Q2_dpd,I3_dpd,Q3_dpd
0.05957306085015884,0.14814028500516827,0.08295540717765515,0.14353497801608983,0.0797612140635649,0.12536044692006437,0.13970947265625,0.1151123046875,0.0972900390625,0.1781005859375,-0.00360107421875,0.209228515625
0.008849115670313552,0.11000663637399888,0.09959791809048396,0.06720693898461147,0.07819263828743593,-0.0808490719352797,0.04083251953125,0.0765380859375,0.10546875,0.0576171875,0.140625,-0.06427001953125
0.06429524838603672,0.09413156989958528,-0.02008932212237508,0.09458262986976429,-0.002524199111202579,-0.12708149377568384,0.11614990234375,0.053466796875,-0.03668212890625,0.1141357421875,0.08447265625,-0.11279296875
-0.01569968215893688,0.1424653440051058,-0.08341384907913005,0.3648128826422305,-0.021032381791405087,0.05662860514736882,0.0455322265625,0.1512451171875,-0.10406494140625,0.42633056640625,-0.06781005859375,0.06121826171875
-0.205589618927388,0.033335553190002795,0.01246123317097047,0.390865669930858,-0.06248763119762926,-0.03130706170648118,-0.1912841796875,0.11749267578125,0.01153564453125,0.4329833984375,-0.03338623046875,-0.11199951171875
-0.0687808580509573,0.06313738165717402,0.166438868014969,0.1621000837334862,-0.024117697462839153,-0.12972364502785705,0.0042724609375,0.09112548828125,0.19219970703125,0.16217041015625,0.089111328125,-0.14154052734375
0.012179066458535863,0.13194457260825862,0.02825007247751164,-0.09530879173251484,0.06444542729814785,-0.026347215206653216,0.06512451171875,0.1103515625,0.00897216796875,-0.1156005859375,0.091064453125,0.03875732421875
-0.173541696188145,0.0453327937767173,-0.18802389374609624,-0.09790762198329038,0.004016440875603102,0.13668627395237606,-0.1541748046875,0.11785888671875,-0.221923828125,-0.101806640625,-0.11627197265625,0.151611328125
-0.1316432716536367,-0.11887707561861897,-0.024176659381062494,-0.042936216839524685,-0.15432725759483115,0.12249602930601496,-0.156494140625,-0.05572509765625,-0.00225830078125,-0.04541015625,-0.26397705078125,-0.00738525390625
0.19021657680918672,-0.07426949377430368,0.27111947716808654,-0.16849139179017353,-0.11577715830828587,0.012335389907626072,0.163330078125,-0.15728759765625,0.327880859375,-0.19744873046875,-0.10528564453125,-0.08172607421875
0.2162983711925016,0.13991422287860067,0.16141729035220292,-0.2798411308549268,0.04963973275022682,-0.08216975876043892,0.2574462890625,0.04986572265625,0.1683349609375,-0.32916259765625,0.11669921875,-0.05010986328125
-0.011363893331532168,0.1854320373673246,-0.10350562680966265,-0.18392460715571407,0.11758801583671884,-0.147062359247713,0.05828857421875,0.1705322265625,-0.12799072265625,-0.19036865234375,0.23406982421875,-0.06756591796875
0.0031200930243010356,-0.016916510469258496,-0.03448455985623041,-0.11662919813612065,0.12036605713842884,-0.18273717073863416,-0.0050048828125,-0.04254150390625,-0.01202392578125,-0.13067626953125,0.255859375,-0.09027099609375
0.07939403150804145,-0.1621697240089122,0.14538126480729174,-0.1968920029453778,0.033066058420273256,-0.19434720638730563,-0.01324462890625,-0.18927001953125,0.17657470703125,-0.2283935546875,0.17108154296875,-0.17626953125
-0.14489552947291232,-0.09608663868592593,0.1052641746036026,-0.1610702184356077,-0.22613979041690793,-0.1556365072883645,-0.19183349609375,0.01397705078125,0.10931396484375,-0.1722412109375,-0.140869140625,-0.319580078125
-0.2807522459269607,0.020051968488164536,0.0620154639187392,0.04108364064953136,-0.3487925720797137,-0.02394594886915144,-0.2357177734375,0.18121337890625,0.0784912109375,0.06866455078125,-0.3443603515625,-0.28387451171875
-0.041871689626127605,0.07087404002020331,0.12175528707430595,0.13910493216622472,-0.07892072620588839,0.06518599781209086,0.02880859375,0.07342529296875,0.130615234375,0.154541015625,-0.0830078125,0.01593017578125
0.0729575900589328,0.08418653651615275,0.02598503341449021,0.13530769071793175,0.19393984120938693,-0.05106650881987856,0.09271240234375,0.03759765625,0.0174560546875,0.14959716796875,0.24957275390625,0.0799560546875
-0.12435497640473687,0.07149833134559902,-0.1436085904211235,0.2023220161876174,0.118480282912552,-0.20207304225030623,-0.09552001953125,0.131591796875,-0.17694091796875,0.2318115234375,0.253662109375,-0.13031005859375
-0.12478131853210324,0.0685831256076476,-0.08187265155490665,0.16331892377179255,-0.01774825119972456,-0.1596322613869712,-0.05987548828125,0.112060546875,-0.0755615234375,0.17218017578125,0.09765625,-0.164306640625
0.11706912088289576,0.13751981359687257,0.04549778158849425,-0.11000727618454988,0.02341553279560166,-0.04834320655753178,0.18408203125,0.06280517578125,0.05987548828125,-0.14373779296875,0.067626953125,-0.0234375
0.1080427812454294,0.1862187798866572,-0.038970814703078525,-0.2530535163489169,0.048111941316817966,-0.0013809774994056705,0.1683349609375,0.12213134765625,-0.0482177734375,-0.2843017578125,0.04638671875,0.0374755859375
-0.11493740830284355,0.07352395798004627,-0.1506999589100072,-0.08348119907340606,-0.004353692774020517,0.09351398287686451,-0.086669921875,0.11187744140625,-0.1656494140625,-0.072509765625,-0.08172607421875,0.10198974609375
-0.15302147425376894,-0.09856352045746009,-0.09822623988951326,0.02759866982201144,-0.011691005074784084,0.17972131483727613,-0.1763916015625,-0.02490234375,-0.1002197265625,0.032470703125,-0.14422607421875,0.17999267578125
-0.04688416001730868,-0.12607119660753519,-0.03556245656120706,-0.03772105855504038,-0.03721345075368557,0.06427803903284791,-0.08978271484375,-0.0828857421875,-0.0355224609375,-0.04864501953125,-0.08624267578125,0.01641845703125
0.04213140902676343,-0.03374703901276634,-0.03780277851171054,0.04769943600359024,-0.09359796950664943,-0.08912443731652837,0.03094482421875,-0.04095458984375,-0.0445556640625,0.0645751953125,-0.030517578125,-0.1651611328125
0.18557016749012709,0.03691083381882487,-0.008136706023957678,0.2158195405994237,-0.0514353489531512,-0.050749788482012566,0.1968994140625,-0.05859375,-0.01165771484375,0.2498779296875,-0.00799560546875,-0.076904296875
0.23271429855356612,0.07366664692358059,0.025320115832853023,0.0825754916637003,-0.017535954172550675,0.0005572227842477179,0.22991943359375,-0.04095458984375,0.0260009765625,0.07147216796875,-0.0234375,-0.01513671875
-0.034613815164872164,0.08996209705191245,0.026565140384300016,-0.19628110732421225,-0.08276297756865264,-0.06465451187771365,-0.01727294921875,0.1075439453125,0.0313720703125,-0.23211669921875,-0.04443359375,-0.13702392578125
-0.27268748740120685,0.031527900463593106,0.044672677365294955,-0.20757184317570257,0.00703804818363847,-0.03745007867222101,-0.2340087890625,0.151123046875,0.060791015625,-0.21746826171875,0.05902099609375,-0.0177001953125
-0.09484102372945162,-0.05445220488688062,0.000883343536376367,-0.06418009915341255,0.2135337667623557,0.06503612755397956,-0.08392333984375,-0.0205078125,-0.00128173828125,-0.05523681640625,0.18341064453125,0.24029541015625
0.1758977462529421,-0.024647081456285577,-0.1281325322154614,-0.04597762175867645,0.09268059666589498,-0.004532340654483426,0.15557861328125,-0.10113525390625,-0.14990234375,-0.05633544921875,0.07379150390625,0.04541015625
0.1475536239552765,0.10795924365939058,-0.08884526242216001,-0.04797860254118141,-0.19119520110455143,-0.12280301760251322,0.17266845703125,0.04180908203125,-0.087646484375,-0.05145263671875,-0.11676025390625,-0.27783203125
0.04583052465635839,0.16804738035416872,0.18384560199309827,0.03718230471573963,-0.04767293331278597,-0.06501275971763226,0.11785888671875,0.12530517578125,0.22418212890625,0.0550537109375,0.037109375,-0.082275390625
0.09638246672419615,0.08022070844242049,0.35404701450332743,0.06956874898133002,0.254300026438088,-0.018391490285614234,0.152099609375,0.00372314453125,0.4058837890625,0.08319091796875,0.28997802734375,0.16864013671875
0.08185697012304063,-0.05104746111019429,0.276518749418468,0.0264759023136408,0.06853579941007715,-0.10181246297959667,0.03839111328125,-0.08941650390625,0.2945556640625,0.02386474609375,0.1014404296875,-0.066650390625
-0.07962509232364198,-0.11060085032490535,0.14730992933466838,-0.002580170458711358,-0.255164351317474,-0.0686379844276052,-0.1368408203125,-0.049072265625,0.15631103515625,-0.00506591796875,-0.22265625,-0.24810791015625
-0.1528759132181027,-0.09944710250545288,0.02194021386117776,-0.06543912275386256,-0.09744492721783295,0.07475849164253885,-0.17071533203125,-0.0113525390625,0.0126953125,-0.08038330078125,-0.11590576171875,0.02203369140625
-0.09184318256023943,-0.09456039143909523,-0.12354045851479697,-0.15019461433944375,0.18850364287974808,0.04291019098483836,-0.1199951171875,-0.04351806640625,-0.14117431640625,-0.171142578125,0.17437744140625,0.1719970703125
-0.031067489205678995,-0.12494235351599076,-0.11696008987379385,-0.1168536688412306,0.14583442639255736,-0.07219836904165709,-0.08746337890625,-0.09613037109375,-0.1185302734375,-0.12139892578125,0.18603515625,0.02313232421875
0.04984174719966631,-0.1148686225221106,0.07129120568753851,-0.013908806811262633,0.09422210658560803,-0.0137061125762517,-0.0030517578125,-0.118896484375,0.09466552734375,-0.00238037109375,0.11224365234375,0.07122802734375
0.1469556817805575,0.002490815394385486,0.19996776373841527,0.009507364428712244,0.19532855939391663,0.07721983894124297,0.14544677734375,-0.06427001953125,0.22772216796875,0.01568603515625,0.1531982421875,0.2322998046875
0.10993285537114368,0.13904244029758464,0.18604422028543463,0.003485786526683343,0.09284767428464889,0.03264833651867642,0.15533447265625,0.07757568359375,0.2012939453125,0.005859375,0.04937744140625,0.0904541015625
-0.0014033575492077453,0.1250241672209705,0.08075033683719963,0.024627813018779924,-0.10539663623518124,0.0075203764296271425,0.04608154296875,0.1026611328125,0.07794189453125,0.02996826171875,-0.1204833984375,-0.07220458984375
0.0528221201163234,-0.04934396043401283,-0.14928778623157007,-0.0022614580763075515,0.026900981526460577,0.04677817642103888,0.0289306640625,-0.08935546875,-0.17987060546875,-0.00592041015625,0.0244140625,0.07708740234375
0.21077788183988,-0.17281297833326342,-0.283480399689921,-0.027643792992620105,0.23601324029692852,0.010758423159854933,0.1171875,-0.28094482421875,-0.33380126953125,-0.0357666015625,0.256591796875,0.1964111328125
0.2050841948252124,-0.08362771282001541,0.023370265666681087,0.03812113147138265,0.08210194493726972,-0.029463114754911413,0.133544921875,-0.15057373046875,0.06280517578125,0.0528564453125,0.07574462890625,0.03143310546875
0.07138887989496336,0.07938531229847345,0.440325236655482,0.07367829538481142,-0.1311624038953151,0.023458008023539936,0.0963134765625,0.05523681640625,0.513916015625,0.0823974609375,-0.15167236328125,-0.06671142578125
0.04008128956693965,0.078629903501135,0.32243880553164783,0.018771082075330167,-0.009545358135743464,0.02937553495880076,0.0787353515625,0.04595947265625,0.3310546875,0.00872802734375,-0.002197265625,0.02618408203125
0.09624991657387633,-0.021106369984020375,-0.12471869520822552,0.0008595328727111291,0.15485843436271723,-0.01802710033771984,0.075439453125,-0.0740966796875,-0.16363525390625,-0.0029296875,0.17303466796875,0.09405517578125
0.08149667740949336,0.03368311282079721,-0.25240658859764226,-0.032134717494164744,0.029670377349302487,0.07138359248524483,0.08856201171875,0.0050048828125,-0.26519775390625,-0.04522705078125,-0.04425048828125,0.1087646484375
-0.006117507971118108,0.18746168419026052,-0.14573641517855734,-0.15855881479978337,-0.16372400635264103,0.2080781333216861,0.08990478515625,0.18157958984375,-0.1585693359375,-0.1934814453125,-0.3333740234375,0.0992431640625
-0.11408311594083416,0.1437587977945415,-0.19072076850449676,-0.09516172181240048,-0.14740497443927275,0.15431442627841763,-0.04296875,0.17236328125,-0.22052001953125,-0.094970703125,-0.2525634765625,0.03692626953125
-0.23450581628960243,-0.05983950125490042,-0.20034898641290283,0.24646439995350808,-0.003793723050350876,0.01602384099984916,-0.25274658203125,0.05364990234375,-0.2265625,0.312744140625,0.00543212890625,0.01617431640625
-0.2401474111390119,-0.1025542260373899,0.024663885760226215,0.3483406661183763,0.08015943309448999,0.01426242318596638,-0.26812744140625,0.0274658203125,0.03961181640625,0.4002685546875,0.08526611328125,0.0858154296875
0.00149451398453082,0.009472837441796507,0.1843730141087916,0.012424800084109672,0.059453282682249566,0.09732938841261282,0.04010009765625,0.005615234375,0.1962890625,-0.01434326171875,-0.01507568359375,0.14971923828125
0.28994461720245046,0.011356722110684076,0.1331180367228208,-0.18938313028470605,-0.000627214821125161,0.14734037990148835,0.27264404296875,-0.14923095703125,0.14837646484375,-0.21270751953125,-0.12750244140625,0.15191650390625
0.29940393988255404,-0.04742560322360692,0.08696000963407875,-0.002114161848594271,-0.04446772308502568,0.1455057312118572,0.22528076171875,-0.176513671875,0.09368896484375,0.02166748046875,-0.16485595703125,0.118896484375
0.09680628697040584,0.031079445580958626,0.066088244789636,0.10697761162046716,-0.10950991078343948,0.060593899802389536,0.08642578125,-0.00225830078125,0.0648193359375,0.113525390625,-0.1561279296875,-0.0340576171875
-0.017418875768107533,0.08920692345201879,-0.017594796415289687,-0.03263966131850706,-0.21142683250114813,-0.04198922191412462,0.027099609375,0.08343505859375,-0.02838134765625,-0.05059814453125,-0.1890869140625,-0.207763671875
-0.04926674269546573,-0.05028499877981659,-0.04279553168379042,-0.06886749263054234,-0.21888648876721825,0.005773013336830084,-0.07818603515625,-0.03472900390625,-0.04449462890625,-0.06964111328125,-0.22027587890625,-0.1402587890625
-0.15459631470343707,-0.13405150143548894,-0.033476123859993163,0.04472003253161766,-0.06714403251208528,0.14854058781162616,-0.20428466796875,-0.0328369140625,-0.038330078125,0.0621337890625,-0.16815185546875,0.11907958984375
-0.17580683797563967,0.0032903825311542214,-0.17815216307873072,0.052031841051584815,0.05878569551152928,0.182282716559816,-0.1397705078125,0.10235595703125,-0.2176513671875,0.05206298828125,-0.0753173828125,0.230224609375
0.05108062614659079,0.02954863307266029,-0.28566980561921085,-0.01228028736538378,-0.014063694774927749,0.13641910431184512,0.0762939453125,-0.01947021484375,-0.31353759765625,-0.01995849609375,-0.12701416015625,0.1224365234375
0.2267801142297304,-0.21171156499876503,-0.06227342414414228,0.010452702489586298,-0.20526392721563233,0.11690840799595995,0.09002685546875,-0.3179931640625,-0.044677734375,0.0152587890625,-0.32958984375,-0.03997802734375
0.07500990771273783,-0.32528571700740894,0.22396217927304315,0.06113421874078831,-0.30583954033336874,0.039389358373122754,-0.12322998046875,-0.3111572265625,0.2889404296875,0.0850830078125,-0.36016845703125,-0.2076416015625
-0.0915424098997027,-0.13313182850127123,0.2000685860480171,0.07692078151057496,-0.1604040030477757,-0.08907122288517971,-0.13604736328125,-0.0474853515625,0.19573974609375,0.09283447265625,-0.063720703125,-0.21636962890625
0.04527259127781656,-0.010723169296089454,0.05829080532907963,0.09828873847367914,0.17120703275732868,-0.07836298129864115,0.04937744140625,-0.04412841796875,0.05792236328125,0.1104736328125,0.25946044921875,0.06292724609375
0.1673557322106832,-0.10824973646137039,0.07792118325615066,0.11225797809748023,0.35394572009670167,0.038536600196932745,0.09307861328125,-0.20306396484375,0.09381103515625,0.13165283203125,0.33660888671875,0.31732177734375
-0.04568543981420268,-0.09793637290149008,0.11188014515082895,0.10616423003203845,0.1880436950233242,0.031528032583882926,-0.1085205078125,-0.0443115234375,0.12249755859375,0.114990234375,0.14141845703125,0.15679931640625
-0.2452947295389144,0.09953864704480264,0.024903830928284965,0.09781293888521966,-0.042830401618778574,-0.09523677707373653,-0.15753173828125,0.22039794921875,0.01531982421875,0.10748291015625,0.02301025390625,-0.1492919921875
-0.08754759844237421,0.20024556193186688,-0.010734831022211004,0.04332116576329419,-0.07803158114343346,-0.1573549355415896,0.04071044921875,0.19879150390625,-0.0084228515625,0.04364013671875,0.0506591796875,-0.21929931640625
0.08658155742328513,0.20107528801941524,0.08564649848906691,-0.0392338417781823,-0.1173276786297114,-0.10279395714077548,0.173095703125,0.13299560546875,0.10894775390625,-0.04608154296875,-0.05377197265625,-0.189208984375
-0.06706658317225109,0.3088701539370076,0.12821863397870792,-0.061518183985653355,-0.24987162826113657,0.004663393532747676,0.08331298828125,0.3355712890625,0.15277099609375,-0.06396484375,-0.28485107421875,-0.1903076171875
-0.24494599507119383,0.37238765343074687,-0.01664137084006735,-0.09631639708425031,-0.1622901075114672,0.07953417697462134,-0.03363037109375,0.4512939453125,-0.02813720703125,-0.12078857421875,-0.23193359375,-0.04302978515625
-0.15701874203488142,0.1685517228072278,-0.22171327942107583,-0.19905454030785663,0.1255137322376241,0.07344040213286672,-0.04803466796875,0.19708251953125,-0.2574462890625,-0.2340087890625,0.10809326171875,0.16595458984375
-0.0836279605644067,-0.044533411740058045,-0.2401719019806236,-0.18718833175882965,0.15834311873768345,0.08960044536511037,-0.0997314453125,-0.00445556640625,-0.25537109375,-0.2066650390625,0.07232666015625,0.21575927734375
-0.2170658171240988,0.027157843559898493,-0.03073672490821604,-0.08462160177281638,-0.05822834932013833,0.1912623108773485,-0.186279296875,0.1546630859375,-0.01776123046875,-0.07708740234375,-0.2315673828125,0.156494140625
-0.23512864669833797,0.14778562152079122,0.13395656651545534,-0.18523305885421687,-0.09936877583688067,0.1652364544906982,-0.12591552734375,0.2515869140625,0.1649169921875,-0.2158203125,-0.2227783203125,0.09136962890625
0.002094469610589159,0.054769305394008407,0.06664120093973365,-0.3040832705598855,-0.023431866166633484,-0.07230823225489316,0.04302978515625,0.02130126953125,0.06622314453125,-0.328857421875,0.038818359375,-0.11358642578125
0.1303528481059829,-0.016183849652807163,-0.03636264104828708,0.0047641411390832175,-0.16272006556832935,-0.19325468446290553,0.1065673828125,-0.0718994140625,-0.04541015625,0.041748046875,-0.04205322265625,-0.31781005859375
0.010291700376904292,0.14047522313777036,0.012850820501466511,0.3950782484574153,-0.3248834106730723,-0.08078328215290684,0.0970458984375,0.1539306640625,0.0186767578125,0.4912109375,-0.27423095703125,-0.319091796875
-0.022530218943825966,0.24029191415190077,0.07523173508054899,0.23855084407927007,-0.17643215659319555,-0.05706488345952612,0.10821533203125,0.2152099609375,0.084228515625,0.24755859375,-0.10845947265625,-0.1990966796875
0.1288928191581653,0.04748163618563327,0.03726977040713129,-0.12268611590991305,0.08016359106641276,-0.11850546833915064,0.13763427734375,-0.05023193359375,0.04315185546875,-0.1556396484375,0.18609619140625,-0.05950927734375
0.14793215881678595,-0.19999885787563904,-0.0015423226546288527,-0.07038049616902914,0.1450830109339565,0.0814235671880033,0.01629638671875,-0.25439453125,-0.0037841796875,-0.06414794921875,0.079345703125,0.22589111328125
-0.02088071370309867,-0.24842381489459747,-0.032391742146627954,0.1144901551350913,0.12189686758199712,0.36794858148709175,-0.1669921875,-0.19757080078125,-0.04302978515625,0.14007568359375,-0.17083740234375,0.49859619140625
-0.05663865946602682,-0.17973747440916796,-0.11735617744593084,0.0515236629594314,0.1445761347255458,0.31063699386415045,-0.135009765625,-0.13226318359375,-0.14715576171875,0.046875,-0.075439453125,0.406982421875
0.11068771164845632,-0.1128082957440026,-0.13908814256098245,0.04341954679872864,0.11729266887196514,0.1328128194493735,0.0577392578125,-0.15484619140625,-0.14666748046875,0.05389404296875,0.0169677734375,0.21636962890625
0.1767899726983316,-0.04694468549816712,-0.012385313744332412,0.156345555287209,-0.0002897556475441108,0.21673722131217765,0.13323974609375,-0.119384765625,-0.00567626953125,0.18267822265625,-0.17755126953125,0.24114990234375
-0.007542775959266952,-0.05094148534393028,0.1028691246789854,-0.016230259718579988,-0.1050325248189958,0.2966338180191206,-0.05364990234375,-0.0328369140625,0.1197509765625,-0.037353515625,-0.327880859375,0.21881103515625
-0.22918880230202665,-0.16282138832799092,0.056391653901792856,-0.3047730053053164,-0.10564788466109579,0.12900062135958934,-0.30010986328125,-0.040283203125,0.06427001953125,-0.36126708984375,-0.19024658203125,0.03985595703125
-0.24810523966268813,-0.20139131472564975,-0.13157809760905986,-0.19830678163594315,0.032405972857299625,0.06473955351079864,-0.30487060546875,-0.05767822265625,-0.16162109375,-0.20343017578125,0.00067138671875,0.10491943359375
-0.10062826622235348,-0.0753205944050046,-0.32353511441877025,0.09889791565834952,0.21121699407547911,0.2499787606175654,-0.12884521484375,-0.01397705078125,-0.39361572265625,0.1346435546875,0.03485107421875,0.44671630859375
-0.019623224077508723,-0.0178739019495534,-0.26280663131186044,0.16867842560146645,0.23156928487405296,0.31753595642303045,-0.04888916015625,-0.0098876953125,-0.28955078125,0.2032470703125,0.00048828125,0.4833984375
-0.0782912296344999,-0.13354142745418046,0.09698357060559938,0.16453284332626855,0.09515705748410398,0.19935910988538985,-0.14617919921875,-0.08770751953125,0.14520263671875,0.19512939453125,-0.06024169921875,0.258544921875
-0.06277401571631418,-0.1292710633893756,0.2846484529570614,0.17066897377120235,-0.004227954619973681,0.1790331497254623,-0.109619140625,-0.08306884765625,0.3101806640625,0.1964111328125,-0.14593505859375,0.1845703125
0.11865992473788516,0.10640237802230404,0.025320942604838092,-0.06362833962461437,-0.05581916246579849,0.1996596356318456,0.18170166015625,0.0462646484375,-0.00286865234375,-0.09130859375,-0.20941162109375,0.1644287109375
0.1930432507136948,0.20175281229321795,-0.13077709133680415,-0.3332647074433705,-0.1580535341368252,0.05872758163243688,0.2811279296875,0.08038330078125,-0.13861083984375,-0.404052734375,-0.2283935546875,-0.06707763671875
0.03303218636301318,-0.010309633659058506,0.19824451087352113,-0.21543580441865487,-0.2025628394885314,-0.07776085499185471,0.0040283203125,-0.04180908203125,0.259521484375,-0.2073974609375,-0.1422119140625,-0.2340087890625
-0.04249788491870701,-0.15153332691057428,0.40714640517285466,0.03355191929897355,-0.11761246671484862,-0.05164551930850832,-0.1162109375,-0.11749267578125,0.4527587890625,0.05810546875,-0.0670166015625,-0.11895751953125
0.1162187808650886,-0.03541045027922363,0.06865475997853805,-0.0059426332304061205,-0.08885883288986798,-0.04835464612795344,0.10693359375,-0.0755615234375,0.04034423828125,-0.01837158203125,-0.0565185546875,-0.11981201171875
0.19077888203301316,0.011950047141802507,-0.21967717570798403,-0.12069314538121947,-0.1560357042767688,-0.15181417625631255,0.17022705078125,-0.08648681640625,-0.25421142578125,-0.144287109375,-0.050048828125,-0.2781982421875
0.05914314131464767,-0.10808101701287091,-0.041166009978310554,-0.05685061211026197,-0.11899368593317644,-0.16367422026223472,-0.01702880859375,-0.12445068359375,-0.01318359375,-0.0537109375,0.01422119140625,-0.2430419921875
-0.0071642554383218714,-0.08915904302405038,0.11276438423265107,-0.0006080919295175699,-0.013762791653637552,-0.023127814007207516,-0.03619384765625,-0.0604248046875,0.12060546875,0.0035400390625,0.01104736328125,-0.01861572265625
0.009961310025295872,0.003176532756354573,-0.06412389347908504,-0.019635702212579268,-0.026166606067438057,0.09435655889123255,0.013916015625,0.00091552734375,-0.08660888671875,-0.02386474609375,-0.1072998046875,0.08050537109375
-0.09715542207008536,-0.2013525529421516,-0.20392394748938336,0.026312981502799728,-0.032291235180030485,0.08825633612181184,-0.21026611328125,-0.1513671875,-0.22802734375,0.03436279296875,-0.09381103515625,0.06646728515625
-0.15460212342072263,-0.4663342121150717,-0.1142993668449898,0.047372318833163285,0.10123783665950097,0.036433211694389005,-0.36199951171875,-0.3511962890625,-0.13348388671875,0.05780029296875,0.1090087890625,0.1361083984375
0.06957844796354054,-0.2485568347586236,0.023151626952980568,-0.025513406410504112,0.13962215262068622,0.05442686053109031,-0.01458740234375,-0.22357177734375,0.033203125,-0.0352783203125,0.08868408203125,0.175048828125
0.2663543947732337,0.19908866660407748,0.157593034340232,-0.002157105605657886,-0.018765795119748425,0.141354555286215,0.34295654296875,0.07110595703125,0.19049072265625,0.01483154296875,-0.15478515625,0.13995361328125
0.12614133463493687,0.23438350229417457,0.262531451648734,0.09368896013459543,-0.07694156739719478,0.16269677065493224,0.19903564453125,0.13543701171875,0.30450439453125,0.118408203125,-0.194091796875,0.10845947265625
-0.09641723499032488,0.013134477024570311,0.17811153148304154,0.0311423884073411,0.04080096250564304,0.08361915877672353,-0.0916748046875,0.0482177734375,0.18389892578125,0.01934814453125,-0.0042724609375,0.1087646484375
-0.15157216494721715,0.05905696790260259,-0.02419934232613912,-0.06324594534792834,0.06316602520375338,0.07350358185159524,-0.091552734375,0.1329345703125,-0.0418701171875,-0.0711669921875,0.00030517578125,0.1259765625
-0.15335238296511247,0.19026844462324957,-0.09657083815433902,0.06101277205246104,-0.008422566128385852,0.1664746892974278,-0.0455322265625,0.24322509765625,-0.11175537109375,0.0836181640625,-0.14263916015625,0.18109130859375
-0.09262118418150243,0.015315480804622804,-0.04941978538331864,0.22659336449293577,0.039405068251803115,0.13798691580651212,-0.07415771484375,0.0299072265625,-0.05474853515625,0.26055908203125,-0.04254150390625,0.1575927734375
0.1189681138564528,-0.206022469528776,-0.014489970950764411,0.17371521501122694,0.08938307873927163,-0.05026440608661484,0.0211181640625,-0.251220703125,-0.0198974609375,0.18402099609375,0.13616943359375,-0.00091552734375
0.20526504061006784,-0.14428023164282747,0.02653758043873234,0.0025690758135695872,-0.037523821327264506,-0.13578132923056824,0.11248779296875,-0.2005615234375,0.03118896484375,-0.00994873046875,0.0474853515625,-0.17236328125
0.010759259271210764,-0.03186332776671699,0.06591202432410016,-0.11059782570638256,-0.12527721174519513,-0.03381070901267028,-0.024658203125,-0.02056884765625,0.07403564453125,-0.12127685546875,-0.10089111328125,-0.11273193359375
-0.03912596014134936,-0.0750178150983391,0.05239748915424617,-0.1315805039948769,0.01599893113901804,0.06886152481421547,-0.061279296875,-0.05877685546875,0.0557861328125,-0.13714599609375,-0.0152587890625,0.08648681640625
0.25123815075753286,-0.08985719998506457,0.04803203433449654,-0.05786121980767128,0.15928525540197253,0.08839381764369064,0.2037353515625,-0.21002197265625,0.06195068359375,-0.05535888671875,0.10235595703125,0.21697998046875
0.37965173522373447,-0.016134363615095793,0.04928513177398711,0.019191885601741135,0.1072081191721448,0.061381142699175294,0.3114013671875,-0.189208984375,0.05499267578125,0.02960205078125,0.05474853515625,0.15447998046875
0.11740754364989708,-0.0012161066190757245,-0.009098671330690129,-0.01166387156439849,0.009140479655517312,-0.026085462780014588,0.07159423828125,-0.0477294921875,-0.02001953125,-0.01702880859375,0.03155517578125,-0.02978515625
-0.06605924264785229,-0.024812040567413728,0.030550703103510626,-0.030003893066574007,0.015238519921357656,-0.1127803986689901,-0.0699462890625,0.00787353515625,0.0421142578125,-0.02783203125,0.107421875,-0.1077880859375
0.03267787200382909,-0.0424544680946435,0.23559883816854388,0.055046873843036415,0.0671846660784375,-0.08292746638360339,0.0223388671875,-0.06097412109375,0.27313232421875,0.0728759765625,0.13348388671875,-0.023193359375
0.05589179226871874,-0.13402269004315392,0.25433882873005953,0.02775824157709736,0.08459084702844774,-0.01834321361893724,-0.0272216796875,-0.15203857421875,0.27105712890625,0.02923583984375,0.10211181640625,0.052001953125
-0.06164285558306353,-0.1848615263293057,-0.011990146576719912,-0.16141186651470127,0.051989870666232736,-0.050929496648528395,-0.14678955078125,-0.12615966796875,-0.033203125,-0.19195556640625,0.0916748046875,-0.02264404296875
-0.007093325854676315,-0.016548021944024847,-0.08973633727374135,-0.20356621843802167,-0.016670911235305504,-0.08137648573139428,0.0086669921875,0.00360107421875,-0.08447265625,-0.21600341796875,0.040283203125,-0.092041015625
0.15612380193552267,0.15729881386060204,0.1254768332998948,-0.06991522088954168,-0.06615434050456638,-0.008685953683257691,0.218017578125,0.06402587890625,0.1629638671875,-0.06378173828125,-0.0625,-0.050537109375
0.08727457461640403,0.08542929912791657,0.15553156979833907,-0.05014699778791659,-0.0575183453662228,0.04265907791446808,0.093505859375,0.027099609375,0.16021728515625,-0.05548095703125,-0.08489990234375,-0.0015869140625
-0.13464601288252057,-0.02575994043928787,-0.005554023965618906,-0.07935549311545509,-0.01904993071681972,-0.015189581920311264,-0.14202880859375,0.04339599609375,-0.01519775390625,-0.08447265625,-0.00286865234375,-0.03826904296875
-0.17414547446533896,0.025073170371267436,0.08883905931088179,0.060828071753995114,0.024698777770171144,-0.09440584225022136,-0.12677001953125,0.1087646484375,0.11590576171875,0.0865478515625,0.10247802734375,-0.0809326171875
-0.058138916682113136,0.06297805915800815,0.2887218309239335,0.14178113914369653,0.05769169587827143,-0.14044468760342213,-0.01336669921875,0.08074951171875,0.32635498046875,0.15997314453125,0.1671142578125,-0.1043701171875
-0.04055232925163695,0.022047357334921223,0.1490553618735036,-0.035667883249642755,0.04717117373148787,-0.16028345773706842,-0.03045654296875,0.03924560546875,0.14129638671875,-0.05908203125,0.1630859375,-0.12762451171875
-0.10969621990269844,0.05696965008222055,-0.1012383515901672,-0.16642974510964895,0.046772786053919525,-0.1337310345132036,-0.07098388671875,0.11370849609375,-0.1241455078125,-0.1849365234375,0.148193359375,-0.09466552734375
-0.0929157491030002,0.08868448908269191,-0.05266767511212857,-0.10352999346136428,0.13642514483984453,-0.08459186858998867,-0.035888671875,0.1175537109375,-0.0386962890625,-0.10443115234375,0.2177734375,0.0234375
-0.03015255154666205,-0.004031470784711372,0.09545643695921986,-0.1127804287659014,0.19576959658522083,-0.02324456629227589,-0.03607177734375,-0.0008544921875,0.11407470703125,-0.12664794921875,0.21343994140625,0.1278076171875
-0.07474236422762291,-0.01978722361180988,0.06835218528621521,-0.13902853794951484,0.089104033968131,0.13788807797295527,-0.08258056640625,0.0313720703125,0.0677490234375,-0.14794921875,-0.0289306640625,0.22149658203125
-0.18801340567966957,0.11146747536972972,0.00973035773871892,0.10212244740019508,0.011788295073396843,0.31820995688747283,-0.11676025390625,0.216064453125,0.010009765625,0.1474609375,-0.22991943359375,0.35308837890625
-0.2289141433981052,0.11553553808035504,0.0210806252814976,0.3383125439264531,0.16754540647995356,0.22515064188813447,-0.1531982421875,0.22998046875,0.0177001953125,0.41925048828125,0.0428466796875,0.345947265625
-0.20222494064145735,-0.018009256959027185,0.013616218672042726,0.1866656051434173,0.3201094774298236,-0.10266342922351628,-0.20526123046875,0.0755615234375,0.0142822265625,0.1927490234375,0.427978515625,0.11224365234375
-0.16853861828065023,-0.031900084202868155,0.04200475212721604,-0.010312527412772644,0.2093205015108923,-0.21266214819219048,-0.16021728515625,0.0667724609375,0.0423583984375,-0.0113525390625,0.35113525390625,-0.0496826171875
-0.08308580193951949,-0.008183099695457222,0.15474412153207945,0.1351882987822083,0.03383530049742399,0.027313541468137827,-0.06842041015625,0.026123046875,0.17193603515625,0.1717529296875,0.00341796875,0.07891845703125
0.04794108726769154,-0.10473167184288366,0.18703504009777225,0.25862363900969454,0.01626991835183662,0.2094742502301311,0.00250244140625,-0.13739013671875,0.1995849609375,0.2935791015625,-0.1376953125,0.222412109375
0.06937846963213885,-0.09396253609362192,0.06632616549090697,0.05400106620878527,0.01940986217672128,0.07430276354453613,0.015625,-0.10150146484375,0.05999755859375,0.03704833984375,-0.03741455078125,0.06475830078125
-0.0739116566846231,0.0660045328292284,-0.0684550718237662,-0.06466339868219693,-0.02516174272763598,-0.15250453572848677,-0.04156494140625,0.11029052734375,-0.078857421875,-0.07470703125,0.0887451171875,-0.1883544921875
-0.227267588878564,-0.0036737445275674416,-0.11708253837690924,0.14084813066606067,0.04453940356892184,-0.1847826337358205,-0.21734619140625,0.09063720703125,-0.1383056640625,0.18048095703125,0.2078857421875,-0.144775390625
-0.2574537123981054,-0.24943504031405656,-0.06486776256894182,0.23621984998152523,0.1562418025073434,-0.033812892012945135,-0.36602783203125,-0.112060546875,-0.0760498046875,0.28363037109375,0.21240234375,0.1136474609375
-0.16824339681349793,-0.19207502374767657,0.036270314924245206,0.04793349379402136,0.0788497692648276,0.059334853443767085,-0.21502685546875,-0.07196044921875,0.0496826171875,0.0357666015625,0.019775390625,0.1259765625
-0.04109140937473173,0.050775919838378286,0.02775860610600396,0.0038699069555941626,-0.06059171079328039,-0.07097555163901845,0.003173828125,0.0721435546875,0.02008056640625,0.015869140625,-0.0123291015625,-0.14129638671875
-0.020452845462699213,-0.0008494475098248926,-0.11020568720044954,0.21126907576331164,-0.024379950548526968,-0.24078538080115225,-0.0284423828125,-0.0103759765625,-0.135986328125,0.2513427734375,0.17108154296875,-0.26556396484375
-0.14329707427386043,-0.1656195799597051,-0.163381170404586,0.2458146665889156,0.027013272517369766,-0.15052741154289545,-0.228271484375,-0.07781982421875,-0.185302734375,0.27093505859375,0.1455078125,-0.11395263671875
-0.17601202431261903,-0.049741986218201514,-0.09747525773162373,0.013188395556827236,-0.08880389180083971,0.08699383841994358,-0.15777587890625,0.05584716796875,-0.09893798828125,-0.005615234375,-0.177490234375,0.040283203125
0.01790522874421293,0.0865704615053624,-0.09573466684845337,-0.12945852928387405,-0.13708138689836397,0.1310361633530016,0.07763671875,0.05804443359375,-0.1072998046875,-0.144775390625,-0.228271484375,0.02093505859375
0.165596655193698,-0.026762350171394177,-0.11140131102627043,-0.08562103690172469,0.03893327326416505,0.044175721369746006,0.12298583984375,-0.11737060546875,-0.1160888671875,-0.08624267578125,0.03173828125,0.07623291015625
0.08648114476009357,-0.05769075607192629,-0.02814508436297904,-0.035294836911239365,0.136431309403085,0.08100974418731789,0.03857421875,-0.0736083984375,-0.0206298828125,-0.03564453125,0.07269287109375,0.1929931640625
0.033596920125290454,0.14303827477061784,-0.03324541885931872,0.03503224899984301,-0.046308671703149874,0.10723056460728526,0.1097412109375,0.12066650390625,-0.04595947265625,0.04595947265625,-0.15118408203125,0.06640625
0.11670529495003576,0.2190759472097837,-0.17089160111523777,0.12759367906775804,-0.23548718525635087,-0.04603433425552944,0.22509765625,0.12744140625,-0.20849609375,0.15179443359375,-0.20941162109375,-0.2581787109375
0.09245709167866302,0.13044371335755903,-0.10522718452281304,-0.011050213920095003,-0.1781656605813244,-0.1210422921932032,0.128662109375,0.06622314453125,-0.0965576171875,-0.0311279296875,-0.076904296875,-0.25244140625
-0.02676599779317589,0.17351512372673966,0.15476470014755647,-0.3525580021606129,-0.00146989456545241,0.017065090021712376,0.067138671875,0.19305419921875,0.20037841796875,-0.4144287109375,-0.013671875,0.04302978515625
-0.02307062300234427,0.2313494186945733,0.16666766947442824,-0.4218106308680084,0.09051909700794285,0.05132182451865492,0.10614013671875,0.23358154296875,0.19635009765625,-0.4716796875,0.04351806640625,0.1187744140625
-0.04618496477710608,0.06421616723664948,-0.05790503344513442,-0.1250529387984288,0.06604122110662217,-0.09266370594705754,-0.03509521484375,0.05987548828125,-0.07049560546875,-0.1064453125,0.13165283203125,-0.060302734375
-0.21134662996582312,-0.07095080548892546,-0.08912263922739545,0.03385801708739478,-0.026299098292741657,-0.07076151141438931,-0.2310791015625,0.04901123046875,-0.09185791015625,0.035400390625,0.01763916015625,-0.077392578125
-0.14334785009178053,0.014619643175472924,0.07013470863990431,-0.11565905632131691,-0.09984580767298681,0.12688622189604576,-0.08758544921875,0.0872802734375,0.09051513671875,-0.1396484375,-0.20782470703125,0.0670166015625
0.2104574338220644,-0.018390677971670287,0.115617046080288,-0.1632173734234578,-0.04133594105212632,0.1570271215821189,0.20550537109375,-0.14361572265625,0.12652587890625,-0.176025390625,-0.15191650390625,0.1197509765625
0.2614018064346833,-0.25654934583741484,0.04085933667113993,0.013572615545200443,0.12083671765365615,0.03210679126767098,0.0758056640625,-0.35479736328125,0.03729248046875,0.0333251953125,0.1219482421875,0.12677001953125
-0.05908042358029439,-0.24146129799445767,-0.07318972914026538,0.06959328634261305,0.18590197475752004,0.01048285888908824,-0.1876220703125,-0.1497802734375,-0.09832763671875,0.0760498046875,0.18524169921875,0.1641845703125
-0.11186067378559232,0.07311168488587913,-0.24800615050267424,-0.06749956217020968,0.06260293421578753,0.053902241110159725,-0.0328369140625,0.1348876953125,-0.28436279296875,-0.08905029296875,0.00616455078125,0.09576416015625
0.13928004751442663,0.14160508074322745,-0.3077617339986802,-0.13593796658921078,-0.06380251824487292,0.03588509603161794,0.205078125,0.0355224609375,-0.33447265625,-0.1546630859375,-0.08941650390625,-0.01422119140625
0.11506803063331485,-0.10598500227431296,-0.11480849044105795,-0.1036208519691861,0.008291800463103953,0.013953615270759308,0.0177001953125,-0.15301513671875,-0.09710693359375,-0.11126708984375,0.014404296875,0.029052734375
-0.13358892815626505,-0.12334354547755588,0.03963030872687166,-0.08811540859204227,0.18096181844306608,-0.046548365134932365,-0.182861328125,-0.021484375,0.0487060546875,-0.0921630859375,0.235107421875,0.08343505859375
-0.12777320143772972,0.1669058101383916,-0.0575412774897372,-0.002806452736147817,0.18556849505544729,-0.20228953828728963,-0.0042724609375,0.223876953125,-0.0819091796875,0.009521484375,0.34295654296875,-0.08282470703125
0.031711373005158014,0.23258848312373617,-0.13880060703003916,0.17965030499162477,-0.0059814708450348685,-0.2054086354706907,0.1484375,0.173095703125,-0.15618896484375,0.21441650390625,0.1248779296875,-0.21124267578125
0.062215158125765634,-0.028691847578358583,-0.014569506825472405,0.2150692187424944,-0.1292907946634131,0.05720519034255748,0.02691650390625,-0.07879638671875,-0.003662109375,0.232666015625,-0.17962646484375,-0.0140380859375
0.12783757865239656,-0.1128971776374942,0.1407872869526476,0.015288494819221678,-0.039253617023508366,0.16352864863423955,0.07635498046875,-0.15380859375,0.16302490234375,0.002197265625,-0.14947509765625,0.13299560546875
0.2814706327197501,0.15613756475927543,0.20732003356392273,-0.13418716570400432,0.09311196968684737,-0.11242515558749534,0.35107421875,0.015625,0.24761962890625,-0.1629638671875,0.2025146484375,-0.08587646484375
0.25289828386670227,0.38288870304486744,0.1907287614610172,-0.015964089705576084,0.1076680356302686,-0.3164063739554145,0.43603515625,0.22650146484375,0.23370361328125,0.00689697265625,0.399169921875,-0.275634765625
0.08905634388629904,0.33538478442086406,0.07458852782405012,0.2102973308859134,0.08067573285310091,-0.15672426331657371,0.2271728515625,0.240966796875,0.074462890625,0.26507568359375,0.20379638671875,-0.06463623046875
0.03201533078587636,0.21091851265962824,-0.007189129283365901,0.272500199472529,0.08202587386224984,0.023966524873003513,0.12603759765625,0.16131591796875,-0.01287841796875,0.29595947265625,0.069091796875,0.09478759765625
-0.03204880534630377,0.15659927960289335,0.06557673973459767,0.14164621594998017,0.026510264407307447,0.046346171715860085,0.03668212890625,0.150634765625,0.076171875,0.1435546875,-0.01959228515625,0.05877685546875
-0.19609376486037647,0.07704366596989766,0.061783330911597135,0.019209781178534766,-0.08961861184053484,0.1682458074137317,-0.14697265625,0.1595458984375,0.061767578125,0.0233154296875,-0.2413330078125,0.11859130859375
-0.21023100620031124,-0.09041706676325716,-0.13673150311630736,0.024554789042513212,-0.12584228895402633,0.3215158848024304,-0.23675537109375,0.01947021484375,-0.18194580078125,0.02972412109375,-0.380859375,0.244873046875
-0.03748325145688695,-0.2516383152287161,-0.1829531535801084,0.04344747837982581,-0.08377399333349159,0.12930999270536386,-0.14013671875,-0.212158203125,-0.20367431640625,0.0511474609375,-0.17144775390625,0.04119873046875
0.06203981530211314,-0.25503793133616615,0.001630111983041848,-0.011850807751170122,-0.13166432929621755,-0.2419995327548543,-0.06512451171875,-0.24554443359375,0.02008056640625,-0.023193359375,0.04473876953125,-0.38470458984375
0.08857541875643678,-0.02721824459944828,-0.006954770847382863,-0.023861717437587183,-0.264184724426968,-0.2604876619652364,0.08453369140625,-0.04534912109375,-0.0230712890625,-0.01959228515625,-0.08013916015625,-0.4415283203125
0.15989295492535516,0.25304950910981794,-0.2094333332774846,0.060533110811768515,-0.26423439706372853,0.029735131004606855,0.288330078125,0.16339111328125,-0.25762939453125,0.07281494140625,-0.29718017578125,-0.15753173828125
0.14456739608803834,0.2556362845237775,-0.15774274430077895,0.09950597263746995,-0.07440385871755234,0.1534696642670941,0.23687744140625,0.14556884765625,-0.1585693359375,0.10809326171875,-0.181884765625,0.1004638671875
0.040206827701748125,-0.025977169689188312,0.04196499582948748,0.05020919619864324,0.09100761860091128,0.05915998144031776,-0.0001220703125,-0.0625,0.059326171875,0.04449462890625,0.05450439453125,0.11431884765625
0.07485402374590981,-0.22140989778392484,-0.04822118250227343,0.005111774177245584,0.06686578847281481,0.026146688106070945,-0.02691650390625,-0.23382568359375,-0.074462890625,0.00360107421875,0.03802490234375,0.08001708984375
0.15966960677072295,-0.175472301118006,-0.22802747601524756,-0.05852848072112105,-0.07654564324194697,0.02818793520700121,0.0609130859375,-0.22296142578125,-0.26043701171875,-0.07537841796875,-0.110595703125,-0.02593994140625
0.04788035598661319,-0.09685006036375869,-0.09984212271315952,-0.13858853131591087,-0.1974442404698857,-0.11626167613153508,-0.02294921875,-0.09930419921875,-0.0882568359375,-0.1597900390625,-0.11480712890625,-0.27947998046875
-0.07502324577135354,-0.043221717549697454,0.07508234657697689,-0.07124244374199136,-0.2189990870849532,-0.2671722044674772,-0.08648681640625,0.00787353515625,0.0927734375,-0.0673828125,-0.0162353515625,-0.43841552734375
0.03106566986436047,0.09568634550760727,-0.05869858546139309,0.07153988315488864,-0.11377522239879263,-0.19119672068944732,0.09869384765625,0.0772705078125,-0.08502197265625,0.0882568359375,0.03997802734375,-0.2615966796875
0.13713952606324975,0.16516994389244471,-0.23902804543931164,-0.014695428339520032,0.0429980359106002,0.011133777602178412,0.19732666015625,0.0765380859375,-0.2677001953125,-0.03387451171875,0.0439453125,0.06268310546875
0.045087104811471296,0.010619968247869904,-0.1253349886632754,-0.20199197065525487,0.05752397169548589,0.1044627493987271,0.0267333984375,-0.0228271484375,-0.114013671875,-0.234619140625,-0.0267333984375,0.14678955078125
-0.03210711890508434,-0.07883569727173291,0.1222531241710908,-0.08541794258552655,-0.13328196588116986,0.07687828128794484,-0.06353759765625,-0.05126953125,0.14971923828125,-0.07281494140625,-0.212646484375,-0.03173828125
0.033575511283351865,0.09680273178826579,0.17973823674148132,0.14720239565718424,-0.29730979102421984,0.026094116248565592,0.0977783203125,0.0909423828125,0.2020263671875,0.185302734375,-0.3203125,-0.19793701171875
0.07814311558925091,0.15070125756448727,0.016237193619848034,0.03973594709849773,-0.22396566168484636,-0.03544257138688548,0.138671875,0.08489990234375,0.0030517578125,0.0264892578125,-0.18048095703125,-0.204833984375
0.022791861170977815,-0.1647691161888062,-0.11930538224626912,-0.15542520978732038,-0.053755005726421314,-0.067774564024892,-0.07916259765625,-0.1854248046875,-0.13372802734375,-0.17877197265625,0.00567626953125,-0.1104736328125
-0.04260132863712207,-0.3778300269992752,-0.04016633549332565,0.020588737579440304,-0.029004129270119566,0.016977807850768353,-0.21185302734375,-0.303466796875,-0.0382080078125,0.04937744140625,-0.054443359375,0.006591796875
-0.011419073647565328,-0.09869629335033712,0.07652083085088429,0.25359826595313045,-0.10459742860880523,0.13723012165498508,-0.0302734375,-0.04925537109375,0.083984375,0.29205322265625,-0.21881103515625,0.06719970703125
0.16652235163335638,0.27338769710950034,-0.019572696492865485,0.1161690382605949,-0.09544947922519496,0.12101336055527823,0.30352783203125,0.16644287109375,-0.03948974609375,0.1134033203125,-0.1922607421875,0.04669189453125
0.2941934488468586,0.2186402087153548,-0.13687905087136812,-0.05838931813177611,-0.019174025126123324,0.04739994969214575,0.347412109375,0.02294921875,-0.15887451171875,-0.08331298828125,-0.0533447265625,0.03076171875
0.07440692245161357,-0.10994406364394908,-0.004901994685609772,0.04144254384308216,-0.011293385136021987,0.11502002847358092,-0.02435302734375,-0.13714599609375,0.01336669921875,0.05694580078125,-0.1011962890625,0.12396240234375
-0.2803649483254865,-0.22934488246238813,0.10939858407616072,0.04003149515918635,-0.05667710848000817,0.2009714777390588,-0.37713623046875,-0.05035400390625,0.131591796875,0.0411376953125,-0.23712158203125,0.1763916015625
-0.25325945016947143,-0.06382350089862872,-0.05369154165118203,-0.22064922786493033,-0.022105123014983272,0.05655214871495768,-0.2203369140625,0.07354736328125,-0.08172607421875,-0.26763916015625,-0.04443359375,0.01312255859375
0.03310770544818719,0.04849703458881714,-0.1266681616581918,-0.2420953514028553,0.13736509370282088,-0.1501760440547432,0.06878662109375,0.02105712890625,-0.12652587890625,-0.25469970703125,0.2718505859375,-0.0457763671875
0.053077264505715566,-0.055925686072928735,0.11268661964036668,0.1090707718570255,0.29631251964518207,-0.09259377283671957,0.00030517578125,-0.0826416015625,0.14984130859375,0.15985107421875,0.37457275390625,0.14727783203125
-0.0686499495266186,-0.1276924329475196,0.1919673952676745,0.28955875429799494,0.25986955034996606,0.07780344993757042,-0.12738037109375,-0.076416015625,0.20367431640625,0.33544921875,0.18927001953125,0.26824951171875
0.11155193960614045,0.0027455710572592126,-0.08403603637541025,0.10278462380488068,0.020276074094434528,0.020661526036109823,0.1297607421875,-0.04998779296875,-0.12030029296875,0.08526611328125,-0.01416015625,0.0126953125
0.37002002559764446,0.07181540620794301,-0.187001164487774,-0.039191309287162586,-0.12498904692100957,-0.12300866825476672,0.37225341796875,-0.12689208984375,-0.21258544921875,-0.0596923828125,-0.030517578125,-0.24676513671875
0.2908448045406933,-0.09102795529820056,0.07560029127151385,0.028899709305260438,0.04937795801670729,-0.0374465110645728,0.17974853515625,-0.218994140625,0.11541748046875,0.0421142578125,0.1107177734375,0.0313720703125
0.09400283937962634,-0.14973782371212585,0.2203072013092164,0.05435651080757705,0.29321176998887966,0.1346661503141888,0.00921630859375,-0.17889404296875,0.2506103515625,0.06317138671875,0.20806884765625,0.37530517578125
0.07038727101972696,0.07956032387925203,0.0615055383421196,-0.004574929578858539,0.23640575306357467,0.09650139885587301,0.1185302734375,0.047607421875,0.05133056640625,-0.0059814453125,0.15264892578125,0.256103515625
0.010019024024906602,0.17096424940349783,-0.06437955453867204,0.03767346270571982,0.0015899355176242607,-0.07989299154274558,0.0689697265625,0.13568115234375,-0.07196044921875,0.04217529296875,0.04937744140625,-0.09588623046875
-0.184431076264474,-0.10027814061011547,-0.02530576107942224,0.11434398716941552,-0.03765201231417743,-0.2009254072253907,-0.2359619140625,-0.01885986328125,-0.02557373046875,0.13214111328125,0.13189697265625,-0.23773193359375
-0.2100503958212309,-0.27133568722946366,0.02258034435835415,0.0206748450903725,0.06754247735277094,-0.23675284678445113,-0.30255126953125,-0.13134765625,0.02880859375,0.01275634765625,0.27642822265625,-0.19879150390625
-0.00984535488976221,-0.08757068335854841,0.039854606702503376,-0.15315463943027507,-0.012844612604118675,-0.1400887651569148,-0.02392578125,-0.05572509765625,0.0517578125,-0.17645263671875,0.0670166015625,-0.139404296875
0.10712568605812364,0.0365741586853601,0.04305188924259301,-0.16593357800143282,-0.23565030621201744,0.07557406665704408,0.11505126953125,-0.02001953125,0.0484619140625,-0.17803955078125,-0.3148193359375,-0.08502197265625
0.03163548518595881,-0.1038811701502318,-0.010177343956685608,-0.04628865828658187,-0.27254039551813464,0.13755680095576944,-0.03741455078125,-0.11614990234375,-0.01611328125,-0.04150390625,-0.36932373046875,-0.07037353515625
-0.08406508604921455,-0.15252299979962167,-0.05859998710918453,-0.007619531428798754,-0.11351983408412712,-0.05207554972635262,-0.141357421875,-0.0791015625,-0.06256103515625,-0.0111083984375,-0.05377197265625,-0.16064453125
-0.1646774178233705,0.029171462018131145,-0.011848389606872144,-0.07300661273162222,-0.04006845636114619,-0.12964780128487044,-0.12799072265625,0.12261962890625,-0.0028076171875,-0.08477783203125,0.0513916015625,-0.156982421875
-0.21045874818978527,0.17281375278812897,0.0612994719140495,-0.09629031517163987,-0.10597352298402193,0.0832677536085322,-0.09979248046875,0.25457763671875,0.07501220703125,-0.10284423828125,-0.1915283203125,0.03271484375
-0.19417715758398632,0.2031417701192293,0.06617856789173425,-0.06132134806819987,-0.10891308183178636,0.2379179760750567,-0.06982421875,0.27618408203125,0.0777587890625,-0.06024169921875,-0.300048828125,0.17071533203125
-0.13247641845668623,0.2248106809044585,0.006173294233618528,-0.06478227580395113,0.00610974178290944,0.14390405294538425,-0.0010986328125,0.256591796875,-0.00079345703125,-0.07159423828125,-0.09033203125,0.14434814453125
-0.06978672207285018,0.15441256740810663,-0.09799586991240249,-0.06987329692044085,0.08578913998811696,0.0487360224013431,0.00927734375,0.1514892578125,-0.11572265625,-0.07550048828125,0.05389404296875,0.11407470703125
-0.01317905350740218,-0.026388158737513857,-0.18246564281121577,0.020214796029287063,0.044874253566226,0.0438893063425032,-0.027099609375,-0.031494140625,-0.2034912109375,0.031005859375,0.0062255859375,0.07965087890625
0.0286718708197527,-0.09171901604943504,-0.1355954743765637,0.10298793033656944,-0.05546484502376711,-0.011282554406372644,-0.0150146484375,-0.08831787109375,-0.1405029296875,0.11553955078125,-0.05206298828125,-0.06048583984375
0.06554708222455206,-0.00941569655847452,0.01740265992698027,0.019218878921591416,-0.1296054868962186,-0.027314557406305544,0.058349609375,-0.02886962890625,0.02984619140625,0.0103759765625,-0.11395263671875,-0.11859130859375
0.1463106972323226,0.0022990773205230214,0.12910632710583753,-0.1078202489466601,-0.11808227568320924,0.11480623611224779,0.13507080078125,-0.07501220703125,0.14801025390625,-0.12310791015625,-0.20538330078125,0.04510498046875
0.23290547961823904,-0.049732391864378576,0.14985489401591437,-0.0385607265739731,-0.03422991169102423,0.20327418639208017,0.18511962890625,-0.16253662109375,0.171142578125,-0.0279541015625,-0.1861572265625,0.18768310546875
0.20966938644164476,-0.014088007217281344,0.1181727814132406,0.14998908980148687,-0.011435047146543831,0.1065182317869704,0.17584228515625,-0.103515625,0.12225341796875,0.18310546875,-0.09259033203125,0.090576171875
0.09286118104545948,-0.005006883709308522,0.06588479377774585,0.1917743157183816,-0.12041357010771636,0.029197497271432487,0.070068359375,-0.05169677734375,0.06195068359375,0.20556640625,-0.1563720703125,-0.06292724609375
0.0226252082672084,-0.14128373049191173,0.06824739251431364,0.09149383545884669,-0.18080367952337123,0.03857307321358296,-0.0518798828125,-0.1473388671875,0.074951171875,0.0943603515625,-0.212646484375,-0.09344482421875
0.0478744978574826,-0.20629488469695276,0.1531458486183699,0.03257890362308424,-0.02512559275554756,-0.006635846848076517,-0.04840087890625,-0.20068359375,0.1759033203125,0.0411376953125,0.003173828125,-0.028564453125
0.095607284799803,-0.07074163419483519,0.17948126191824484,-0.017676357247577056,0.16135201055787116,-0.030900568716351,0.0623779296875,-0.09552001953125,0.19671630859375,-0.01873779296875,0.1953125,0.09564208984375
0.08424853954887718,0.01405053513306219,0.06186879341245625,-0.14702507568999834,0.10712686555917422,0.05714933610295321,0.07635498046875,-0.02777099609375,0.05694580078125,-0.16888427734375,0.04730224609375,0.14593505859375
-0.016242451867953266,-0.07267951429563166,-0.07440624123476645,-0.17951980208109028,-0.09918750437679387,0.02478596970487753,-0.06201171875,-0.06396484375,-0.0843505859375,-0.1923828125,-0.13165283203125,-0.0645751953125
-0.1446903917398683,-0.08371282454873549,-0.14106100480476677,-0.01926290108548562,-0.18572948426897787,-0.18763527336780003,-0.17523193359375,0.0113525390625,-0.15936279296875,-0.00787353515625,-0.04052734375,-0.351318359375
-0.19791601274404047,0.04341547256660586,-0.1693356065723142,0.03560873291399748,-0.10936246067028955,-0.20359100665371235,-0.1463623046875,0.15362548828125,-0.18963623046875,0.03594970703125,0.05328369140625,-0.27984619140625
-0.16098353133798016,0.01480779174862503,-0.13138478670264933,-0.15525081868663534,0.017109001108210703,0.044284864697051673,-0.13323974609375,0.07537841796875,-0.1334228515625,-0.18603515625,-0.01263427734375,0.08282470703125
-0.07157595835452929,-0.21462959542023416,-0.046161040322073445,-0.21377383071125716,0.13655057348332336,0.094290887499105,-0.171630859375,-0.17791748046875,-0.03924560546875,-0.234375,0.08099365234375,0.1917724609375
0.05635003237880581,-0.27179409144301786,-0.07284664092960609,0.034124315199346125,0.17010950847278455,-0.16008930955576056,-0.06842041015625,-0.2615966796875,-0.0955810546875,0.06048583984375,0.3115234375,-0.06280517578125
0.12481850843596765,-0.00836158957695578,-0.18990493888383175,0.16056968843369163,0.04462414181519182,-0.255705690076859,0.12371826171875,-0.04852294921875,-0.22088623046875,0.17694091796875,0.22003173828125,-0.22320556640625
0.03397203683567511,0.22232178104239397,-0.1628915069632778,-0.026013021462402097,-0.11368081411046728,-0.03788168580234449,0.12493896484375,0.19232177734375,-0.169677734375,-0.05145263671875,-0.10528564453125,-0.10784912109375
-0.035594108262796284,0.12761272445044644,0.005794033076047882,-0.10311280328465167,-0.12899334379479083,0.11172374976928338,0.02362060546875,0.10711669921875,0.02374267578125,-0.10968017578125,-0.20428466796875,0.02093505859375
0.1246735532442496,-0.11816785804973348,0.09126047403896895,0.06175137422147461,-0.04830801368340919,0.007992441097633758,0.06378173828125,-0.184326171875,0.10113525390625,0.08489990234375,-0.04681396484375,-0.04278564453125
0.27770559542574186,-0.2017360128484104,0.06936964375381789,0.04482915939763495,0.01582781990184333,-0.10346299967471996,0.1484375,-0.30389404296875,0.07611083984375,0.04541015625,0.10565185546875,-0.0999755859375
0.14205769267072768,-0.07240442923464921,0.037078218085887786,-0.16700839327483477,0.08797574057409151,-0.03862030469999207,0.0745849609375,-0.1077880859375,0.0386962890625,-0.1956787109375,0.12359619140625,0.04302978515625
-0.00708212377935784,0.11842204212452312,-0.03484840115305891,-0.0756002874220867,0.1522870344691302,0.10841944586503743,0.052978515625,0.1180419921875,-0.04705810546875,-0.06146240234375,0.077392578125,0.23590087890625
0.12560252165101962,0.2303125344664236,-0.1092943810520656,0.2654008325000208,0.08643213991866237,0.17953349601618857,0.249267578125,0.14324951171875,-0.13299560546875,0.32781982421875,-0.06719970703125,0.25103759765625
0.21294061834119007,0.19891607777480683,-0.06494807630594532,0.25885597992281534,-0.09420025074257325,0.11191071433987385,0.2796630859375,0.0672607421875,-0.068603515625,0.27069091796875,-0.209228515625,0.0225830078125
-0.034329139084113884,0.06894392161340786,-0.0027112318622566087,-0.09410203276857367,-0.2246154294150937,-0.03196918203853622,-0.02703857421875,0.07623291015625,-0.0030517578125,-0.13177490234375,-0.206298828125,-0.21624755859375
-0.235830094157913,-0.011206452409343095,-0.06802766781243012,-0.17983985135663613,-0.22155933124723856,-0.1315119035028622,-0.21844482421875,0.10650634765625,-0.08831787109375,-0.20037841796875,-0.12017822265625,-0.30706787109375
-0.07081846146605432,0.034786395244534134,-0.10963240725005756,0.11871241309086594,-0.122266148198953,-0.1696011380639762,-0.01318359375,0.06268310546875,-0.12188720703125,0.1617431640625,0.0157470703125,-0.25848388671875
0.12542228111925993,0.08595860741163902,-0.001634235692464636,0.27218825292163484,-0.02086573217666199,-0.2093626798511374,0.15972900390625,0.0120849609375,0.00726318359375,0.3055419921875,0.13726806640625,-0.22930908203125
0.041662840433365926,0.01581929656753989,0.07093664558153612,0.029640813871355406,-0.0203871675926408,-0.1783023857394629,0.0242919921875,-0.00689697265625,0.07958984375,0.0076904296875,0.10479736328125,-0.18890380859375
-0.10066896900184757,-0.0816656305831043,0.012767768897818811,-0.24500118754066424,-0.06976548194680558,0.045464645166599406,-0.13250732421875,-0.02520751953125,0.0098876953125,-0.28326416015625,-0.11224365234375,0.01806640625
-0.06934694235924427,-0.03805405153462435,-0.008014505935464008,-0.18351306523011593,-0.008077977635799398,0.2872607188262663,-0.06976318359375,0.007568359375,-0.0050048828125,-0.19110107421875,-0.21539306640625,0.30377197265625
0.026481044455519107,0.10033984499176968,0.05530951913589545,0.08944943404388761,0.09777899918240515,0.20631177077877477,0.08251953125,0.082275390625,0.06591796875,0.12371826171875,-0.0413818359375,0.26220703125
0.05518470632727836,0.13988659601374515,0.09069747868903236,0.19554205839112904,0.06452773881676725,-0.12972360355586507,0.111572265625,0.09368896484375,0.09759521484375,0.2169189453125,0.16058349609375,-0.1119384765625
0.018764603363872527,0.04939421629061511,0.09255649099256752,0.05645791876460152,0.03192851606764635,-0.2547703219316776,0.033447265625,0.026611328125,0.1021728515625,0.053466796875,0.22686767578125,-0.22601318359375
-0.07549227761468143,-0.013651449996916191,0.057711773811935846,-0.05502210287270288,0.17726875726456948,-0.038391140121119834,-0.08074951171875,0.02825927734375,0.0565185546875,-0.06097412109375,0.2188720703125,0.1236572265625
-0.16346863457223204,0.039876597443087976,-0.08056848656010333,-0.023349450305873876,0.23659524150751132,0.12216429225989762,-0.12744140625,0.12274169921875,-0.10498046875,-0.02197265625,0.1441650390625,0.30731201171875
-0.11334864795550093,0.1555239589918712,-0.1966419194089444,-0.03596791777926869,0.04891639337958706,0.036508081480374176,-0.01153564453125,0.193359375,-0.217529296875,-0.048828125,0.00048828125,0.0528564453125
0.0411213592032622,0.26657205364750614,-0.08972793458520041,-0.1300720923178217,0.019632803266684457,-0.008574414949276472,0.1719970703125,0.21319580078125,-0.0799560546875,-0.15472412109375,0.044677734375,0.01336669921875
0.08867465124788974,0.29472122568886033,0.1300154603499033,-0.11949971515049713,0.2822899142071051,0.06263973916386142,0.22076416015625,0.21429443359375,0.17059326171875,-0.1279296875,0.27703857421875,0.30633544921875
-0.029115160429339922,0.1443797432148606,0.21204105790223937,-0.0274318867549722,0.29084199514808284,-0.031898880386005996,0.03302001953125,0.12506103515625,0.23541259765625,-0.0196533203125,0.29510498046875,0.16363525390625
-0.11192563104051624,-0.08603393402258377,0.147974500252135,-0.025381036893210192,-0.08051971487303229,-0.18453727067186051,-0.14666748046875,-0.0343017578125,0.15625,-0.0294189453125,0.02105712890625,-0.26519775390625
-0.02393373566296145,-0.11812293542131588,0.056875321919201,-0.04107339891216577,-0.20668147214552493,0.015614357625995001,-0.0633544921875,-0.08331298828125,0.0543212890625,-0.044921875,-0.21368408203125,-0.1007080078125
0.08707909540674269,0.059581702078748286,-0.02195695878348953,0.0360712857957577,0.03835787963915549,0.3420325507379656,0.12188720703125,0.02294921875,-0.03155517578125,0.05377197265625,-0.18914794921875,0.39813232421875
0.05418391596069996,0.11839037309925043,-0.0619297242986408,0.06823843701167547,0.05134929331674778,0.21209996907342776,0.0966796875,0.07147216796875,-0.06744384765625,0.07672119140625,-0.11865234375,0.218017578125
-0.005756099440375573,-0.03653154171189037,-0.04412862516688161,0.021521544653529266,-0.24870607536243983,-0.17058587917713247,-0.03216552734375,-0.041748046875,-0.04534912109375,0.0189208984375,-0.14453125,-0.3914794921875
0.07534613606711799,-0.115674312151099,0.00882403358939409,0.09721477913934469,-0.30845301126444474,-0.18581927485560676,0.02752685546875,-0.14044189453125,0.01361083984375,0.1251220703125,-0.1595458984375,-0.39801025390625
0.15267704403473709,-0.02439872469814418,0.09889691541422499,0.23838900138188593,-0.05567729660185163,0.03477949221719815,0.13140869140625,-0.0860595703125,0.10986328125,0.27264404296875,-0.0611572265625,0.01715087890625
0.03346971391643762,0.0071989587402399025,0.1525822652898071,0.14360210214091845,0.07905355811173267,0.03351855111862988,0.01556396484375,-0.00787353515625,0.16412353515625,0.14288330078125,0.05194091796875,0.07525634765625
-0.08563726727574597,-0.04900587671915434,0.0007478285595421017,-0.12476144670437724,0.006264414750107956,-0.0221548006789954,-0.09954833984375,-0.005126953125,-0.01446533203125,-0.15625,0.0113525390625,-0.02117919921875
0.05485762546526628,0.001996571207157111,-0.24454225442961497,-0.19487967181188048,-0.05167680342252253,0.11013629093343674,0.076904296875,-0.0257568359375,-0.27984619140625,-0.21099853515625,-0.13519287109375,0.0965576171875
0.24666509186176908,0.11137364713330127,-0.21089611541817163,-0.004188556927194366,-0.031602998989428685,0.16623956301703563,0.28265380859375,-0.0235595703125,-0.22418212890625,0.01123046875,-0.15802001953125,0.1474609375
0.1537739432295838,0.09002551669105331,0.0623467504061956,0.16496891605491018,0.03504308941572643,0.08469589342239471,0.1552734375,0.00640869140625,0.08978271484375,0.18768310546875,-0.01495361328125,0.1090087890625
-0.09376358800903782,0.005420984749777303,0.1300300504678928,0.13200232866138423,0.12671084587735587,0.1454628557657884,-0.09588623046875,0.05194091796875,0.130615234375,0.14288330078125,0.02349853515625,0.254150390625
-0.1575759257624054,0.002255232699954884,-0.04044240000855094,-0.024350950025175407,0.16410599070278803,0.1593263440303864,-0.12744140625,0.07818603515625,-0.0609130859375,-0.0384521484375,0.04632568359375,0.280517578125
-0.04204510414811333,0.017331907777173586,-0.06691388187960548,-0.11760687500561524,0.16130835000327737,-0.1595809219029483,-0.02362060546875,0.027587890625,-0.0633544921875,-0.13232421875,0.289794921875,-0.07696533203125
0.017184556906239424,-0.029131125058685783,0.08396764481503331,-0.06447307481183973,0.2026268708782874,-0.339084575865293,0.00225830078125,-0.0447998046875,0.1055908203125,-0.06744384765625,0.45831298828125,-0.18096923828125
-0.06113414957029355,-0.09925517321533311,0.14603055785037847,0.02695604221682297,0.15848983096726435,-0.02893152250021957,-0.111328125,-0.05462646484375,0.1551513671875,0.03759765625,0.16259765625,0.125732421875
-0.1681726039682781,-0.17279300128531827,0.10484962656099257,0.07139234909715636,-0.08489128573168497,0.15387631697184717,-0.23406982421875,-0.0723876953125,0.110595703125,0.08367919921875,-0.2322998046875,0.0836181640625
-0.16146983351170133,-0.20807941120683307,0.05041874173542852,0.1421149243611212,-0.2440810424536128,-0.11515673247494045,-0.2418212890625,-0.1011962890625,0.05438232421875,0.1673583984375,-0.1563720703125,-0.35186767578125
-0.022266266470767,-0.11827842525365992,-0.06262203909361139,0.20164996660753967,-0.06382101950717232,-0.16346243403274524,-0.058837890625,-0.083984375,-0.0819091796875,0.2208251953125,0.09173583984375,-0.18896484375
0.07335901074115087,0.00516031488026446,-0.14407059512388737,0.08684038905877406,0.21699769611567407,0.1777102000237486,0.07061767578125,-0.0283203125,-0.16363525390625,0.0830078125,0.0982666015625,0.3782958984375
-0.0042390818080633615,-0.036491616446891785,-0.05063015094271904,-0.0802324757922232,0.29204790323522345,0.15448070224387372,-0.038818359375,-0.04278564453125,-0.043701171875,-0.09930419921875,0.17681884765625,0.3409423828125
-0.09777794142665693,-0.20072288908471117,0.038326263239759614,-0.03856227573862608,0.1844875689381258,-0.2553080639876886,-0.19952392578125,-0.14044189453125,0.04608154296875,-0.0369873046875,0.38037109375,-0.16094970703125
-0.042444834085812046,-0.28560926756346394,-0.04613268151455894,0.08514532836290278,0.00420019659693536,-0.2447398364511356,-0.16729736328125,-0.22894287109375,-0.06671142578125,0.1002197265625,0.18170166015625,-0.22930908203125
0.03642909444913114,-0.2153911763171408,-0.07028950985664388,0.0690915163004255,-0.13100974049942488,0.1247107708870907,-0.06329345703125,-0.19244384765625,-0.07275390625,0.072021484375,-0.24395751953125,0.0618896484375
0.020310926680957964,0.008912266571141324,0.08755550030622966,0.09040063142668535,-0.03482046218561989,0.0888064178713567,0.02880859375,0.01837158203125,0.10833740234375,0.105224609375,-0.07159423828125,0.035888671875
0.03456420528825785,0.2829844250483496,0.1086106452940126,0.25563821724775604,0.1922627312619876,-0.2427003421315078,0.19232177734375,0.25750732421875,0.12042236328125,0.3248291015625,0.42572021484375,-0.12548828125
0.12184290989636072,0.29260171582805833,-0.115395899383493,0.25432962119663605,0.17186262963571483,-0.2390362812217952,0.2650146484375,0.177734375,-0.1568603515625,0.28326416015625,0.345947265625,-0.10321044921875
0.12684204810075603,-0.03513804299364818,-0.20396282471727684,0.01338862778047615,-0.07412806834044294,-0.044889220271537154,0.0699462890625,-0.12872314453125,-0.214111328125,-0.00555419921875,-0.06805419921875,-0.0982666015625
0.05103354941783996,-0.23893691368117703,0.01608509070736647,-0.10691428135594816,-0.14520190424099788,-0.10478942607382336,-0.07275390625,-0.22869873046875,0.042236328125,-0.122314453125,-0.0574951171875,-0.2421875
0.04137380124524935,-0.06766538338500425,0.21905241493148275,-0.016479865986749043,-0.033125169594611564,-0.24646598810170767,0.0250244140625,-0.0594482421875,0.2545166015625,-0.00408935546875,0.16143798828125,-0.27874755859375
0.053327441643593584,0.08336316572571374,0.17350972673800905,0.04093531776964699,-0.03196612691811919,-0.21423195843760584,0.089111328125,0.0513916015625,0.18218994140625,0.0450439453125,0.11297607421875,-0.22930908203125
-0.014993280359419011,-0.0007851307099461206,0.06050960473561874,0.00650701689975281,-0.05793030093437196,-0.17391767895373988,-0.025634765625,-0.00299072265625,0.0601806640625,0.005615234375,0.0732421875,-0.2191162109375
-0.0537391234331978,0.006849789314205423,0.08104488668564243,-0.07482698929431995,0.09453393627891274,-0.1864516483447624,-0.03924560546875,0.040283203125,0.0970458984375,-0.08551025390625,0.2537841796875,-0.11456298828125
0.012909723662612196,0.16135662891184452,0.14784504810813665,-0.17877699653751977,0.20042772264524653,-0.09800806598663421,0.1021728515625,0.14215087890625,0.17218017578125,-0.207275390625,0.271240234375,0.0653076171875
0.05103162202464832,0.13515569326051757,0.11433578075434352,-0.07901807937374859,0.026765695942671076,-0.02007733216432106,0.0982666015625,0.0771484375,0.11907958984375,-0.0714111328125,0.0169677734375,-0.0052490234375
0.027967787945396325,-0.006683775564229982,0.07057976053672117,0.24143590023942457,-0.19011112960787457,-0.1068168149206506,0.016357421875,-0.02801513671875,0.074462890625,0.2930908203125,-0.11669921875,-0.26519775390625
0.062422073365290966,0.02948753587409413,0.1483491516291158,0.24498749226567945,-0.18391038850260127,-0.12849584753331186,0.080078125,0.00555419921875,0.1748046875,0.25970458984375,-0.07769775390625,-0.2559814453125
0.09376576363293733,0.10401284088712864,0.1693941491068312,-0.1901921981634862,-0.06475852539224729,0.07292046079947563,0.1357421875,0.04840087890625,0.18701171875,-0.2484130859375,-0.11724853515625,0.0477294921875
-0.00943427577373388,0.02807369097403291,-0.06572608304859938,-0.3311154216411351,-0.039996322851501016,0.18703787610689493,-0.0013427734375,0.0250244140625,-0.09478759765625,-0.3616943359375,-0.18328857421875,0.15545654296875
-0.10503626552452903,-0.0012003946471743773,-0.2603127445763729,0.03848244683815656,-0.1402811740390493,-0.012099159920513672,-0.09503173828125,0.0582275390625,-0.2919921875,0.075927734375,-0.1409912109375,-0.14453125
-0.02246550560518553,0.06172880088967531,-0.04059405951896571,0.19525737535771467,-0.25581473131363863,-0.2662931494793299,0.0306396484375,0.07110595703125,-0.01519775390625,0.22686767578125,-0.0562744140625,-0.47442626953125
0.08634837200118134,-0.019374064017779243,0.294875846745332,-0.023506185520230757,-0.22944438132810663,-0.30017256277438015,0.0767822265625,-0.07183837890625,0.36688232421875,-0.0411376953125,0.002197265625,-0.464599609375
0.050896476663121075,-0.14040603577510052,0.2410212799910328,-0.027280912351611022,-0.04677743382076894,-0.17065276636764054,-0.02960205078125,-0.14794921875,0.24456787109375,-0.02081298828125,0.0970458984375,-0.19012451171875
-0.019952642190681,-0.02911753848990365,-0.020059378383868048,0.1277536300873758,0.06940428690888899,-0.01778345284336258,-0.02691650390625,0.0028076171875,-0.04071044921875,0.14691162109375,0.0821533203125,0.04522705078125
-0.02852396337505367,0.122942814892785,-0.04625881891683985,-0.027594140326699292,-0.02532041459801772,0.08552261697404703,0.0364990234375,0.12225341796875,-0.03961181640625,-0.05670166015625,-0.1094970703125,0.0692138671875
-0.030336712377738145,0.03875623694704568,0.027185765814493237,-0.1906254990179232,-0.16405509574305116,0.05551937243676213,-0.01409912109375,0.0321044921875,0.03338623046875,-0.21197509765625,-0.2105712890625,-0.07989501953125
0.025137405080503918,-0.09488038907877577,-0.10538533502223207,0.026087904387752096,-0.15820066504380556,-0.06665183849971777,-0.01446533203125,-0.10076904296875,-0.1314697265625,0.05401611328125,-0.0987548828125,-0.1954345703125
0.18136644698427504,-0.05443030771516365,-0.26910872245060835,0.1986095256666469,-0.042791329758041216,-0.05710143162740516,0.15899658203125,-0.13519287109375,-0.3089599609375,0.2215576171875,0.0130615234375,-0.08453369140625
0.20344329102198572,0.061512601409901405,-0.22801504715536,0.08397684659861078,0.08612927210495484,0.1228388442058196,0.2049560546875,-0.03411865234375,-0.25,0.07159423828125,-0.00189208984375,0.2144775390625
-0.013131479028683245,0.1511088118541633,-0.13732313115604494,0.11644120767700196,0.18628668435026127,0.19206764372215568,0.04119873046875,0.152587890625,-0.150390625,0.14044189453125,0.05364990234375,0.3341064453125
-0.09619136580414273,0.17858068226978868,-0.15735181508667678,0.29472607170690346,0.2149528447182074,0.040707988025180976,-0.00018310546875,0.20977783203125,-0.18817138671875,0.34967041015625,0.1868896484375,0.1920166015625
0.13788764301995593,0.05151156158633567,-0.1784336384587615,0.16593444495429965,0.17711224011303464,-0.05675861232349626,0.157958984375,-0.057861328125,-0.1915283203125,0.15997314453125,0.22265625,0.070068359375
0.2431753363566529,-0.11960310949963776,-0.10590273291171974,-0.08619665067244657,0.13235001321842732,0.03070956362282114,0.14520263671875,-0.225341796875,-0.114501953125,-0.10943603515625,0.10601806640625,0.1502685546875
-0.015590317533617264,-0.0771022043698176,-0.0061282084318950245,-0.05158090855622787,0.0772008231305627,0.06179678853326504,-0.06768798828125,-0.03582763671875,0.00054931640625,-0.03948974609375,0.031982421875,0.11419677734375
-0.16865782235774895,0.08227488924800738,0.026707824553859304,0.0012526413852286275,-0.005899227544015293,-0.04454045247909958,-0.0975341796875,0.15826416015625,0.029052734375,0.00079345703125,0.021728515625,-0.06298828125
0.020661153798315568,0.07066632617338653,-0.03217632539497224,-0.1731754367887711,-0.038369827478133216,-0.03921357824203654,0.065673828125,0.03118896484375,-0.034912109375,-0.20257568359375,-0.00775146484375,-0.05743408203125
0.08659123771802067,-0.04865795980724402,-0.08702936112548605,-0.22851316416804235,0.02956015354880565,0.10897207443569833,0.04217529296875,-0.08709716796875,-0.09246826171875,-0.24359130859375,-0.04437255859375,0.14984130859375
-0.14715479295356976,-0.08604495239745585,-0.041723570754582245,-0.07631453005654193,0.12534665593737615,0.13794730817607692,-0.189208984375,0.0084228515625,-0.0408935546875,-0.06768798828125,0.02996826171875,0.22906494140625
-0.18432720792966967,-0.0982753031109894,-0.01604366239170441,-0.053672502131168434,0.20218078036799428,0.049244599240797486,-0.1983642578125,-0.00506591796875,-0.01885986328125,-0.06353759765625,0.18084716796875,0.19781494140625
0.11745761919483344,-0.1152538345768867,-0.14156596960780654,-0.09992685644559277,0.28481355212136006,0.0734232158208223,0.073486328125,-0.17938232421875,-0.17724609375,-0.11663818359375,0.23992919921875,0.303955078125
0.2333247857355669,-0.05324217691391469,-0.24587797138820963,-0.002344943357700289,0.32972901437452284,0.1338780405565861,0.1842041015625,-0.17840576171875,-0.2960205078125,0.008056640625,0.240966796875,0.39886474609375
-0.040591309928910545,-0.0024075367062856927,-0.17944950095369974,-0.03395610254839599,0.2333552702524986,0.006774664118251368,-0.0616455078125,0.02508544921875,-0.18206787109375,-0.0439453125,0.2159423828125,0.15875244140625
-0.2817287366384191,-0.019051391498999783,-0.13950501190574452,-0.29126643657152906,-2.3324364743644703e-05,-0.16758792781122486,-0.2801513671875,0.12567138671875,-0.15386962890625,-0.35845947265625,0.124755859375,-0.19671630859375
-0.22263546690286903,0.0852848894158118,-0.22102691028184973,-0.27368384439628074,-0.18872696875408543,-0.12847833180609458,-0.15191650390625,0.20404052734375,-0.25482177734375,-0.30413818359375,-0.09649658203125,-0.25177001953125
-0.04303029522254107,0.27454931194242266,-0.1955815248094848,0.11367707057758487,-0.12551592251871885,0.02438631191632263,0.11474609375,0.2747802734375,-0.21392822265625,0.16290283203125,-0.13299560546875,-0.0546875
0.04206014444527795,0.23006460383259184,-0.066096958488813,0.26936597968902676,0.12741385317618836,0.04862868814991396,0.1412353515625,0.17254638671875,-0.069091796875,0.30029296875,0.11163330078125,0.141357421875
-0.027619489639067542,0.009927529239245978,-0.10386687095993045,0.027072410307307226,0.2316415563548881,-0.04787961996477835,-0.03912353515625,0.00823974609375,-0.123046875,0.00347900390625,0.2659912109375,0.11065673828125
-0.16626815061442649,-0.04736607911637619,-0.2174267274718096,-0.11036881049782125,0.07362549959839097,-0.09979172266948688,-0.17840576171875,0.05059814453125,-0.2467041015625,-0.12469482421875,0.13043212890625,-0.05322265625
-0.16104316567493704,-0.005646193029187004,-0.1109706736659433,0.024826512968219246,-0.037324743669515846,-0.024203482693140942,-0.134033203125,0.06634521484375,-0.10638427734375,0.04193115234375,-0.01885986328125,-0.04241943359375
0.027350050559316205,-0.07362724598598412,0.06708346752750133,0.10668688008357768,0.02092587024763156,0.08976629763571539,0.00201416015625,-0.09088134765625,0.08026123046875,0.1187744140625,-0.03887939453125,0.115966796875
0.13433474493219547,-0.08244019039646666,0.018875838579996765,0.045224495242699066,-0.06305988868339382,0.04947186939328,0.08135986328125,-0.12530517578125,0.0069580078125,0.0428466796875,-0.11822509765625,-0.0128173828125
0.056630068261563554,0.049555596125759195,-0.12816095302554276,0.016879558581543722,-0.3046985024136026,-0.128359648195964,0.0731201171875,0.033935546875,-0.15435791015625,0.02252197265625,-0.223388671875,-0.37884521484375
0.02894409482845395,0.014593835878821487,-0.14683127455771944,0.005939188280845008,-0.25217928318951693,-0.12827507426942564,0.0306396484375,-0.0125732421875,-0.158203125,0.0062255859375,-0.13427734375,-0.302490234375
0.11276981843948312,-0.22721736110561713,-0.08390883693078627,-0.07543985186594367,0.09301075261877105,0.11100076006061152,-0.01202392578125,-0.2730712890625,-0.08734130859375,-0.0897216796875,0.03607177734375,0.21868896484375
0.0891599049149776,-0.30429566072012154,0.01978665067082577,-0.09479925316475023,0.1561004434898246,0.17011641134263022,-0.07904052734375,-0.30224609375,0.034912109375,-0.11126708984375,0.00823974609375,0.295654296875
-0.040185325038632216,-0.13833337398924392,0.19225866734197072,0.05150971072590589,-0.1401513610575015,-0.10078895128735822,-0.105224609375,-0.07818603515625,0.22332763671875,0.07257080078125,-0.0911865234375,-0.2427978515625
-0.05566907889196875,0.002305767406978613,0.2746421891846485,0.166485369278865,-0.2325358995957175,-0.2521398749893355,-0.04974365234375,0.04254150390625,0.319091796875,0.20086669921875,-0.03057861328125,-0.421630859375
0.023182476741345395,0.049700260285214,0.1344873171434383,0.06437135637687257,0.02360989398078028,-0.06339608805651747,0.0482177734375,0.03485107421875,0.1263427734375,0.04962158203125,0.10272216796875,-0.01116943359375
0.002657259344744751,0.0937169175786391,-0.06047823317475595,-0.08109685919996604,0.16787178028180227,0.10277290897911782,0.0399169921875,0.0823974609375,-0.07928466796875,-0.09210205078125,0.08624267578125,0.23101806640625
-0.11863655757163796,0.10206234559814388,-0.1294611143387382,-0.05186389528737206,0.010970217401605196,0.05702893074316705,-0.06292724609375,0.14349365234375,-0.13873291015625,-0.05352783203125,-0.04888916015625,0.04876708984375
-0.18656751189286888,0.07603958434526355,-0.09471074177347175,-0.012235830767663236,-0.1525013766189667,0.026371458811991936,-0.1300048828125,0.1539306640625,-0.1005859375,-0.01519775390625,-0.180908203125,-0.0880126953125
-0.11868145293689256,0.09511761976710424,-0.004003866666217147,-0.1583117752026094,-0.11653648308056679,0.050359860228922686,-0.0455322265625,0.139404296875,0.0069580078125,-0.18603515625,-0.1458740234375,-0.03155517578125
0.017326067928137935,0.1037877232373858,0.09342668224806229,-0.227926507230001,0.02845678228586476,-0.04372090358340438,0.0743408203125,0.07733154296875,0.1121826171875,-0.243408203125,0.07373046875,-0.03436279296875
0.06386128927522225,0.023488135723424113,0.1118253294546692,0.024512527774043228,0.11311234578677729,-0.16032886586678255,0.0614013671875,-0.017578125,0.12030029296875,0.0576171875,0.23974609375,-0.083251953125
0.0036257845730928817,-0.05334028031772455,0.10125969147457783,0.23988747562095852,0.049319341734584646,-0.08744542612544155,-0.0340576171875,-0.045654296875,0.10430908203125,0.27081298828125,0.10150146484375,-0.0372314453125
0.019299304369866783,-0.048384848785412056,0.14337238114613535,0.0636927298922539,-0.07177889989579399,0.09823977485981826,0.002685546875,-0.04974365234375,0.1563720703125,0.0478515625,-0.15576171875,0.05877685546875
0.10816668851707548,-0.03865277492325742,0.09239495648976691,-0.1693099073121192,-0.059829021142236594,0.17591671965441513,0.08343505859375,-0.08941650390625,0.09613037109375,-0.1978759765625,-0.18377685546875,0.13262939453125
0.026033077099331423,-0.08439047142156926,-0.1276142035646002,-0.10369740783752247,0.07807536938743802,0.07927601071119962,-0.03277587890625,-0.0831298828125,-0.1546630859375,-0.10162353515625,0.037841796875,0.12799072265625
-0.1566888869775623,-0.11196586030950723,-0.23691789030544785,-0.03447040335096773,0.13396079669309835,-0.057697059186983216,-0.20391845703125,-0.01812744140625,-0.2640380859375,-0.039306640625,0.18280029296875,0.03167724609375
-0.11301201957076552,0.007994608972805484,-0.0842612089679703,-0.2179236928762689,0.043967893806592974,-0.033515532285195,-0.075927734375,0.0667724609375,-0.069091796875,-0.25079345703125,0.05780029296875,0.0048828125
0.030674608798489992,0.26179789225275624,0.05840937760742226,-0.32122186529212715,-0.05313825995277922,0.08510378359010122,0.1806640625,0.2432861328125,0.08404541015625,-0.36297607421875,-0.134521484375,0.0625
-0.06916952527164079,0.3548472315564037,0.04217820474905469,-0.12214064242206608,-0.07555108647937303,-0.04836767400311376,0.0860595703125,0.34423828125,0.05426025390625,-0.1143798828125,-0.03741455078125,-0.1429443359375
-0.19338991599693983,0.07657047406516841,0.05871239339883838,0.07633197694649833,-0.05962434914869322,-0.3583470229167037,-0.1497802734375,0.14495849609375,0.0755615234375,0.1033935546875,0.226806640625,-0.43865966796875
-0.009223623169055837,-0.21762959367650436,0.13110421248370513,0.07042365819842525,-0.04875827333364786,-0.26251397097249,-0.099609375,-0.200439453125,0.15594482421875,0.06903076171875,0.1441650390625,-0.27911376953125
0.19140194012720332,-0.08918180221748119,0.05588874763323855,0.020566972177826815,-0.06427081410124197,0.18933622573269657,0.14202880859375,-0.14422607421875,0.044189453125,0.024658203125,-0.22247314453125,0.18829345703125
0.126812709393678,0.18254453006393392,-0.12800434840762548,0.010007531650713952,-0.07648350248932914,0.1868378215500708,0.19329833984375,0.117431640625,-0.15753173828125,0.0072021484375,-0.21484375,0.10076904296875
0.08052634981136049,0.10593969369330283,-0.17951521010263116,-0.021578166961393,-0.011025027436529193,-0.29447432485520836,0.1253662109375,0.02618408203125,-0.1944580078125,-0.02996826171875,0.23248291015625,-0.35443115234375
0.1439354703156293,-0.09946878108920888,-0.05606298222266884,-0.03651023999200182,0.11327030853330244,-0.32981942112972135,0.0792236328125,-0.1778564453125,-0.051513671875,-0.04339599609375,0.366943359375,-0.22235107421875
-0.004733446367647122,-0.01528178011920411,0.07864147397297265,-0.0119759570415199,0.17526171595612036,0.162559945062413,-0.02685546875,0.0164794921875,0.09429931640625,-0.007568359375,0.043701171875,0.3408203125
-0.2427161752918613,0.1398263462260453,0.07597886531136913,0.00025691256077198964,0.13549881224274,0.2711847347796767,-0.159912109375,0.257568359375,0.08380126953125,0.003173828125,-0.0745849609375,0.37445068359375
-0.14037382372284885,0.05159725119377455,-0.06659669111496473,0.07793704866490164,0.05692164758389996,-0.09914590898125754,-0.08123779296875,0.08087158203125,-0.08660888671875,0.09130859375,0.13629150390625,-0.09722900390625
0.12205804658093104,-0.06707000479741353,-0.15952077207553303,0.2737952901266906,-0.03267018136653732,-0.17716541617725415,0.09228515625,-0.13555908203125,-0.184326171875,0.3173828125,0.0909423828125,-0.18994140625
0.11570004176795445,-0.022958771437844163,-0.04122770385282942,0.3376189378507461,-0.1244276777156562,0.06460800721699674,0.09259033203125,-0.06494140625,-0.04339599609375,0.368896484375,-0.1876220703125,-0.0135498046875
-0.019756905256920462,0.004582857684535117,0.14667948386122684,0.0751619961945555,-0.1538705496422554,0.043982841970720256,-0.0194091796875,0.00994873046875,0.16961669921875,0.05633544921875,-0.1827392578125,-0.09527587890625
-0.010065387130142628,-0.05139682789745123,0.1923109403286589,-0.23379341625535632,-0.0703676934762446,-0.16862248682742767,-0.025390625,-0.05328369140625,0.2154541015625,-0.275390625,0.0684814453125,-0.2303466796875
0.02768967103527471,-0.05174556153773775,0.14181042017007295,-0.23119301882246865,0.08369730126445185,-0.18987876261706207,-0.0035400390625,-0.05975341796875,0.1571044921875,-0.24285888671875,0.2320556640625,-0.1094970703125
0.005392058788103089,0.016059066780260024,0.07769876421596462,-0.01012292844501649,0.19424010195331887,-0.14866724803182768,0.01519775390625,0.0145263671875,0.080810546875,0.00897216796875,0.31097412109375,-0.00262451171875
0.01712817011229102,0.12385101472108274,-0.047190365522793744,0.11938100716954173,0.16699182292374737,-0.18210244533825343,0.08197021484375,0.102294921875,-0.06378173828125,0.13507080078125,0.30035400390625,-0.06646728515625
0.009556019282341902,0.26058596805070294,-0.138963393957945,0.09208834666661625,0.04771792086131892,-0.08108478784512507,0.1314697265625,0.23309326171875,-0.1588134765625,0.09197998046875,0.09735107421875,-0.03240966796875
-0.043407318460853314,0.23706310000047037,-0.06677104034808634,0.037130832711387965,-0.029773780721814413,0.10237810865483073,0.064453125,0.21307373046875,-0.0626220703125,0.03515625,-0.1114501953125,0.0943603515625
0.0016805126101669796,-0.014522102353051463,-0.025422888734596284,0.025513824452988876,-0.06618066250348735,0.09342373785160547,-0.0059814453125,-0.04071044921875,-0.02825927734375,0.0257568359375,-0.13330078125,0.0296630859375
0.06779639536319859,-0.15695789290164194,-0.1787139499127792,0.04722682209633532,-0.14743321435612883,-0.019810182714393047,-0.01239013671875,-0.16845703125,-0.212890625,0.05072021484375,-0.14056396484375,-0.1392822265625
-0.02258947548172608,-0.0364477919632139,-0.2581297000384711,0.05329635450580768,-0.18412724298667,-0.06826639806491758,-0.043701171875,0.0062255859375,-0.28387451171875,0.05670166015625,-0.1300048828125,-0.20220947265625
-0.08307930720080009,0.009127270437403958,-0.1097619325561288,-0.025566047904922867,-0.0543786574692882,-0.1583214733597838,-0.0682373046875,0.040771484375,-0.1046142578125,-0.03363037109375,0.08245849609375,-0.21002197265625
0.04632577433922497,-0.13934721757335294,-0.02509177522558107,-0.14425547962445287,0.09859497272669705,-0.22911429836863345,-0.0218505859375,-0.16583251953125,-0.0262451171875,-0.16845703125,0.2784423828125,-0.15826416015625
0.10987844818083956,-0.18385971376158647,-0.07989607618546554,-0.12269179368890618,0.09863107760232102,-0.06767623571852878,0.00396728515625,-0.20123291015625,-0.091064453125,-0.12939453125,0.13995361328125,0.0284423828125
0.022710122680417662,-0.09847935081028722,0.00252353255764542,0.04781679682471396,0.015603026842933757,0.11656884954975857,-0.0308837890625,-0.08306884765625,0.01416015625,0.0677490234375,-0.0794677734375,0.1383056640625
0.04165033567714663,-0.10809821010198233,0.1368719744333023,0.1021363660703498,-0.08010388714135097,0.04021306346140371,-0.00885009765625,-0.12591552734375,0.15533447265625,0.11102294921875,-0.113037109375,-0.03912353515625
0.11689797645565618,-0.1200724932080838,0.01845952366990992,-0.03998880233221291,-0.20801926900042095,-0.05552574787034425,0.04833984375,-0.15802001953125,0.0050048828125,-0.0594482421875,-0.1806640625,-0.21905517578125
0.05761175581249937,-0.0036687316499571794,-0.142456852422845,-0.07023562720475363,-0.2178153822793799,0.03978635731492636,0.04400634765625,-0.0135498046875,-0.1636962890625,-0.07342529296875,-0.24298095703125,-0.10382080078125
0.0955813636155887,0.014219142957395932,-0.034003412451433665,0.1381919966275224,-0.019351442486606748,0.06944123736617006,0.10223388671875,-0.047119140625,-0.02099609375,0.1715087890625,-0.0452880859375,0.0531005859375
0.32104297334929394,-0.15641582922824607,0.054846901219622525,0.256776095592952,0.08226305779669285,-0.03228063299035815,0.21697998046875,-0.32232666015625,0.0533447265625,0.3031005859375,0.10693359375,0.0196533203125
0.30003046780983006,-0.24017626097371209,-0.14638090861316808,0.13159857079058543,-0.08800757261933427,-0.012987755993964848,0.13348388671875,-0.34722900390625,-0.2059326171875,0.1322021484375,-0.1114501953125,-0.0819091796875
-0.01193536091440645,-0.16177513714314076,-0.27084213749241004,0.04370303310339154,-0.17495461965235606,0.036051689993093286,-0.11309814453125,-0.111328125,-0.301513671875,0.04168701171875,-0.19793701171875,-0.08453369140625
-0.09554836291855241,-0.11064911603977208,-0.04943627262660631,0.07618166850310694,-0.0006407023381265892,-0.072457194773649,-0.12274169921875,-0.0621337890625,-0.02984619140625,0.09033203125,0.0841064453125,-0.08544921875
0.07957548753095493,-0.08004664585605056,0.15480992841221664,0.0071736555193711036,0.06381173908107547,-0.07612813886378454,0.04840087890625,-0.106689453125,0.1785888671875,0.00146484375,0.11187744140625,-0.0189208984375
0.11906978461123383,0.0053287432828464185,0.04292064546969547,-0.06862149368900898,-0.1197240881804178,0.10318710732920217,0.10308837890625,-0.04010009765625,0.03155517578125,-0.07659912109375,-0.2215576171875,0.030517578125
0.09075838756209521,0.023085019552799523,-0.16533054932221075,0.08335555789947102,-0.19730465262142716,0.035213378552069526,0.09564208984375,-0.02984619140625,-0.195556640625,0.108642578125,-0.21142578125,-0.1353759765625
0.1352812346336282,-0.04307494433021869,-0.19523607199741252,0.1902627320203592,-0.07091957625550208,-0.23059075703311707,0.1112060546875,-0.1195068359375,-0.21380615234375,0.212890625,0.12396240234375,-0.31268310546875
-0.011805506807908348,-0.03502443863746549,-0.04295338724817523,-0.04247188758940512,-0.0036199091136148416,-0.11042619296589676,-0.04815673828125,-0.0068359375,-0.0291748046875,-0.07098388671875,0.06396484375,-0.081787109375
-0.22137870206900087,-0.0005434694107994746,0.12814000836511602,-0.2494355405434099,-0.02407398777999224,0.26139581128214767,-0.2142333984375,0.1243896484375,0.1614990234375,-0.2882080078125,-0.23388671875,0.291259765625
0.00837180341410332,-0.07021424977702767,0.10746053655998657,-0.122939048185178,-0.0015306444217769587,0.2289647719679115,0.00555419921875,-0.09002685546875,0.10986328125,-0.11358642578125,-0.1593017578125,0.20697021484375
0.3539852153155522,-0.10034162442893368,-0.11692349767695606,-0.05094803213741333,-0.02092369288018436,-0.030261633235421168,0.27239990234375,-0.25823974609375,-0.1510009765625,-0.06488037109375,0.00042724609375,-0.06494140625
0.13266857225214285,0.03191949736645016,-0.25109375929980104,-0.26162027454094405,-0.131224187393672,0.08134587020990627,0.10552978515625,-0.00054931640625,-0.2755126953125,-0.3140869140625,-0.21002197265625,0.026611328125
-0.2472854779792902,0.12976821518778867,-0.15809692459423888,-0.34433479542890216,-0.1586007018311995,0.2969855706532305,-0.16888427734375,0.2623291015625,-0.18023681640625,-0.4034423828125,-0.394287109375,0.20037841796875
-0.07644956946981948,0.05680261903278099,-0.08949247124142108,-0.16583415005050214,-0.04505420276736818,0.08584156532917278,0.0003662109375,0.0584716796875,-0.09344482421875,-0.151611328125,-0.08160400390625,0.0174560546875
0.19545142924262177,-0.029636624810713115,-0.15273869789971475,-0.10109868728458252,0.06977016280056592,-0.21843686757645456,0.1572265625,-0.12957763671875,-0.1737060546875,-0.11785888671875,0.25018310546875,-0.17706298828125
-0.03409527312355968,-0.012212731294415012,-0.1498672600090974,-0.1304702468566107,0.1084084352077493,-0.09978668776108994,-0.07073974609375,0.03448486328125,-0.152099609375,-0.14080810546875,0.17352294921875,0.0120849609375
-0.2736253973035244,0.03606596775980338,-0.1122280876768239,0.0750578894032283,0.08404033417811152,0.19406501970560655,-0.2205810546875,0.16632080078125,-0.13409423828125,0.10906982421875,-0.068115234375,0.29193115234375
-0.06525311712902783,0.03761972585463506,-0.21945244238737557,0.28244679092084396,0.05106546444678785,0.21083260049968716,-0.023681640625,0.060546875,-0.25653076171875,0.32574462890625,-0.1011962890625,0.23297119140625
0.11328355993840018,-0.03133345600044809,-0.2565165445054807,0.08987702291553813,0.09935537000961,-0.0027461638078030153,0.07501220703125,-0.09063720703125,-0.273681640625,0.07177734375,0.12249755859375,0.0557861328125
-0.01856078194184578,-0.13523077918521853,-0.00906784055248308,-0.19014600534090667,0.1642633517970908,-0.14869797617083932,-0.10577392578125,-0.10504150390625,0.01202392578125,-0.22296142578125,0.2779541015625,-0.02813720703125
-0.038271790000616035,-0.15059742470679233,0.15734452023944637,-0.07329202869654601,0.07295575383227884,-0.05730708802463842,-0.08648681640625,-0.11492919921875,0.1734619140625,-0.04925537109375,0.10528564453125,0.009521484375
0.1504372995123881,-0.03512783211313333,-0.040665612337725726,0.22338384960018176,-0.0626301950348185,0.1720385447968662,0.13726806640625,-0.09716796875,-0.07403564453125,0.26837158203125,-0.2078857421875,0.14404296875
0.17328436848694795,0.07889253951535721,-0.19178189461274256,0.26207571713287325,-0.0023193639028696606,0.20164836732380503,0.186279296875,-0.00201416015625,-0.21844482421875,0.28521728515625,-0.1422119140625,0.185791015625
0.020120419310775208,0.11367017757610372,0.021256910924661802,0.11141400052610909,0.103568098021696,-0.05658516113051159,0.05657958984375,0.0908203125,0.04718017578125,0.10455322265625,0.1605224609375,-0.00927734375
-0.049455494945128034,0.1240606275927991,0.24762287259986784,0.01982280614875247,0.01827311931221314,-0.21010022590253824,0.023193359375,0.135498046875,0.28314208984375,0.023681640625,0.16070556640625,-0.2064208984375
-0.02983417104037504,0.10266549413607579,0.21672176156045367,-0.025067833074019552,-0.0487271958703572,-0.10744812317182068,0.02423095703125,0.10003662109375,0.2259521484375,-0.02874755859375,0.027099609375,-0.131591796875
0.04009351825119701,0.019490626165050477,0.13486434720670215,-0.046988456458779665,0.09981645136636953,-0.11362129676292929,0.04779052734375,-0.0150146484375,0.14501953125,-0.04669189453125,0.20654296875,-0.04608154296875
0.1691720777733731,-0.02826858861163969,0.09229096072500793,0.06106134201810452,0.1971392542977101,-0.227579290049012,0.152587890625,-0.118408203125,0.10150146484375,0.081298828125,0.377197265625,-0.09197998046875
0.1315673109941122,0.003754461467180964,-0.009159419442753967,0.21602110931794652,0.0710036716647176,-0.019413524768421404,0.10107421875,-0.05029296875,-0.02264404296875,0.2406005859375,0.06011962890625,0.06488037109375
-0.1540595220423368,-0.021896090623689128,-0.03843931627781936,0.16085477908897372,-0.04629415171749488,0.2893276267414481,-0.1771240234375,0.0709228515625,-0.04425048828125,0.1715087890625,-0.267333984375,0.2750244140625
-0.24512504676437064,-0.16525161152462503,0.05484676607009115,-0.06245312554875711,-0.04104411982239672,0.08931466881798669,-0.281494140625,-0.04541015625,0.077880859375,-0.0849609375,-0.0985107421875,0.02001953125
0.05956531703389016,-0.27766012694341974,-0.019337511927372902,-0.108258168232093,-0.01758250149262539,-0.2981916508852718,-0.05718994140625,-0.2965087890625,-0.03564453125,-0.1270751953125,0.22021484375,-0.35516357421875
0.23004709490088376,-0.2323393117729812,-0.24360725867050156,0.07857110022684717,0.04912605726092228,-0.13467830883175153,0.093994140625,-0.31024169921875,-0.30609130859375,0.108154296875,0.17730712890625,-0.0565185546875
-0.00984823343539909,-0.06514983227925296,-0.1896536732449401,0.15267994759931275,0.14075907662515164,0.2782402454096324,-0.07000732421875,-0.02398681640625,-0.1959228515625,0.16717529296875,-0.06317138671875,0.422119140625
-0.13187548375601127,0.10707336165710828,0.08573453424285388,0.01116036636461028,0.09261131989632154,0.22649423961275048,-0.052978515625,0.159912109375,0.12115478515625,0.00823974609375,-0.078369140625,0.26776123046875
0.14455539859551494,0.18414723504346203,0.07752051018461181,-0.026830378491223328,0.026000234424576975,-0.043414925312025246,0.23504638671875,0.07708740234375,0.0718994140625,-0.02850341796875,0.0626220703125,-0.04058837890625
0.3229813674039366,0.16763125863216607,-0.16591351176954527,0.12909343222579675,0.19317882899722508,-0.0015597048533022538,0.3624267578125,-0.01544189453125,-0.21856689453125,0.160888671875,0.23431396484375,0.17816162109375
0.14715008474211447,0.13920499015250387,-0.1993205598744323,0.17674898028640076,0.36216157377939434,0.0910295415247567,0.18707275390625,0.04864501953125,-0.2239990234375,0.19525146484375,0.3043212890625,0.36383056640625
0.028922931773279884,0.1063651421664478,-0.09652967293480774,0.060946969442734096,0.20301024586345132,-0.07275244131620602,0.0753173828125,0.066162109375,-0.09173583984375,0.0615234375,0.2332763671875,0.04736328125
0.12466816991800928,0.035922760098240206,-0.15071385375498184,0.038304748860932485,-0.007889257979728833,-0.15371599811742986,0.134033203125,-0.0362548828125,-0.17633056640625,0.03936767578125,0.09930419921875,-0.156494140625
0.0837818894836769,0.01888539857408328,-0.19473466960201663,0.08139251879847417,0.07957175026321611,0.0100224183208202,0.0670166015625,-0.01336669921875,-0.20831298828125,0.0877685546875,0.09246826171875,0.09735107421875
-0.12687146156028195,0.1196110390390142,-0.06760432811213364,-0.009213212640974256,0.19733029945067704,0.04592271862641646,-0.06201171875,0.17999267578125,-0.06195068359375,-0.0186767578125,0.1702880859375,0.1920166015625
-0.1707248243259625,0.18292095484015,0.013365917828483228,-0.07751940499867413,0.029105830678790613,-0.1191265941020804,-0.0538330078125,0.2313232421875,0.019287109375,-0.08746337890625,0.1024169921875,-0.12384033203125
-0.05684088350891354,0.10163169998276832,0.03598813590454503,0.05846764195195644,-0.1764615231203024,-0.15686816931745975,0.0020751953125,0.10406494140625,0.043212890625,0.083984375,-0.0687255859375,-0.28204345703125
-0.02035116631504859,0.03312737001660312,0.196460307651211,0.1460044125766111,-0.09021518977868134,-0.06788631500638767,-0.00628662109375,0.0428466796875,0.22821044921875,0.16259765625,-0.020751953125,-0.12274169921875
-0.00118940185938525,0.08265647722730318,0.264588988932648,0.0005840338350364696,0.16998801735575075,-0.07233179004066961,0.055419921875,0.07708740234375,0.28790283203125,-0.01080322265625,0.24652099609375,0.0472412109375
0.047973337983950606,0.1014200339534466,-0.00863332412731075,-0.09010196599762281,0.2762217492426731,-0.0590395720166472,0.09344482421875,0.0576171875,-0.0408935546875,-0.10345458984375,0.3170166015625,0.15252685546875
-0.06857181355527348,-0.021499668468611677,-0.22030460884037648,0.08840935324258382,0.101930800713902,0.10326926386605657,-0.09906005859375,0.0089111328125,-0.24609375,0.11126708984375,-0.00018310546875,0.19903564453125
-0.2183523244260844,-0.1821973310427502,-0.055262362839945046,0.33282309998516124,-0.15700650301186214,0.16961427645943847,-0.29815673828125,-0.05828857421875,-0.0540771484375,0.40777587890625,-0.29913330078125,0.04400634765625
-0.014384397645073823,-0.22008233540658487,0.059400996223348955,0.4145338636503332,-0.19916133904227956,-0.00860225027588512,-0.091552734375,-0.2200927734375,0.05474853515625,0.47198486328125,-0.18084716796875,-0.1929931640625
0.30929286384566607,-0.062102941013687865,-0.12838388827779515,0.30529215558277817,-0.03067975246504875,-0.1507395615434642,0.28485107421875,-0.2105712890625,-0.18701171875,0.33935546875,0.10394287109375,-0.196533203125
0.1982345142899474,0.1734321796958143,-0.1838705187161221,0.09424588470212736,0.05316044457267576,-0.07146478375722416,0.23724365234375,0.08355712890625,-0.202880859375,0.07720947265625,0.099853515625,-0.0234375
-0.12219529928834942,0.2227220778040133,0.021774330078917888,-0.018665849704511905,-0.007422216816212886,0.002531359696647072,-0.0235595703125,0.24261474609375,0.04437255859375,-0.025390625,-0.0167236328125,-0.00518798828125
-0.08612483394165654,0.06596203785201277,0.0264446386928632,0.06011079020089198,0.016431191602835706,-0.08186515763896404,-0.0343017578125,0.0672607421875,0.0191650390625,0.0770263671875,0.09197998046875,-0.07720947265625
0.08590527091045362,0.021527833337521247,-0.2190067386060875,0.11586351713366584,0.12343395135958042,-0.11133188510654088,0.0948486328125,-0.0211181640625,-0.256103515625,0.12335205078125,0.21636962890625,-0.0115966796875
-0.04163719911000604,0.1607794059567634,-0.27503326248694127,0.03568933743689778,0.07051087360166759,0.03958607919657479,0.028564453125,0.185546875,-0.2982177734375,0.024169921875,0.018798828125,0.10601806640625
-0.16174636964892847,0.13665465394213336,-0.12993151330351463,0.05421319624897401,-0.13679870889528517,0.11396769884344413,-0.076904296875,0.1820068359375,-0.13818359375,0.0654296875,-0.24359130859375,0.00384521484375
0.013181319786835356,-0.12229272852584316,-0.10912531195150484,0.20085224953300007,-0.23250391545300367,-0.057428405372335366,-0.03350830078125,-0.1463623046875,-0.12786865234375,0.235107421875,-0.181396484375,-0.25732421875
0.04743282183980869,-0.24715582032683783,-0.137671290009298,0.16185710675539355,-0.09703712652927185,-0.1861168825296833,-0.0863037109375,-0.2335205078125,-0.15936279296875,0.17144775390625,0.0650634765625,-0.26678466796875
-0.2451641730225478,-0.15479717226946044,0.022353505322402503,-0.04486562111665296,0.10367652123635336,-0.007061762973455829,-0.304443359375,0.0068359375,0.04412841796875,-0.06195068359375,0.12237548828125,0.1064453125
-0.3201807983845815,-0.1469633864958931,0.1961273421042319,-0.0760266370141951,0.12150691538965226,0.22773425161013244,-0.3621826171875,0.01727294921875,0.24072265625,-0.08154296875,-0.0731201171875,0.36767578125
0.007080580861966345,-0.23297805806990415,0.10482669988501156,0.028517446261209525,-0.033865109826674684,0.1685965607806528,-0.077392578125,-0.22406005859375,0.09368896484375,0.0489501953125,-0.17236328125,0.12646484375
0.23230532258056233,-0.1393089747520787,-0.12113507184622525,-0.02702727148721427,-0.02570518169674439,-0.06753600680440343,0.14373779296875,-0.21307373046875,-0.1455078125,-0.04351806640625,0.0438232421875,-0.10736083984375
0.16537641855500107,0.0996428928300736,-0.14081363761405083,-0.18056635111514907,0.246390241021946,-0.17229563366640957,0.1982421875,0.02435302734375,-0.15447998046875,-0.21392822265625,0.41680908203125,0.0220947265625
0.1043605454419159,0.22241606483587129,0.10673318709091711,-0.2116297921527908,0.3336318860517535,-0.11823468466518948,0.2103271484375,0.1370849609375,0.15008544921875,-0.24261474609375,0.41253662109375,0.14495849609375
0.08951988373768498,0.18632517977839977,0.32415680740866554,-0.16002244452976225,0.03603046664127574,-0.028976500256380308,0.1693115234375,0.11651611328125,0.3780517578125,-0.1761474609375,0.0126953125,-0.01055908203125
-0.04755314715768094,0.08309290967636108,0.26077988269846486,-0.13687154909841057,-0.11938486988601552,0.026432540579859228,-0.01934814453125,0.104248046875,0.27764892578125,-0.1492919921875,-0.13665771484375,-0.0640869140625
-0.18302727210849928,-0.053023638555491054,0.05123861320744356,-0.15035843948170347,0.11101241133003471,-0.0449389600577446,-0.19659423828125,0.029541015625,0.04852294921875,-0.168212890625,0.18109130859375,0.0340576171875
-0.12930102180967673,-0.11760510823458352,-0.07006715068842202,-0.182607589221042,0.14553497078407007,-0.2290601684817668,-0.17010498046875,-0.04522705078125,-0.08551025390625,-0.21405029296875,0.308349609375,-0.14178466796875
0.01376360560666149,-0.0004941280461906989,-0.1593505660788458,-0.13782503740041707,-0.2536809010682253,-0.26515981225465307,0.0220947265625,0.00677490234375,-0.1910400390625,-0.15087890625,-0.09906005859375,-0.4486083984375
0.08296022543101708,0.16963742480180108,-0.24630416226761223,0.015161024150668403,-0.4476347179263384,-0.03663503432024646,0.17401123046875,0.13836669921875,-0.2935791015625,0.0419921875,-0.40911865234375,-0.36456298828125
0.06489838331511288,0.19857007881991448,-0.07991501535027805,0.0320420456489482,-0.1355729688096172,0.1848419537135264,0.14947509765625,0.14630126953125,-0.05877685546875,0.0341796875,-0.24212646484375,0.1070556640625
0.0072247902108349485,0.14773741624357448,0.25527577804851537,-0.16161778053393155,0.1533516444565737,0.19645008981498724,0.06475830078125,0.12969970703125,0.31646728515625,-0.19281005859375,0.0103759765625,0.31072998046875
-0.035804944904219746,0.17586417473164012,0.20461113957301008,-0.18288711649031403,0.12158012182173124,0.10891386902296518,0.05108642578125,0.18109130859375,0.208984375,-0.20062255859375,0.0220947265625,0.19281005859375
-0.029582303452984897,0.2293927224501525,-0.2238295263353268,0.05095549128111769,0.0638057178388895,0.006012371033489925,0.08734130859375,0.211181640625,-0.288818359375,0.06878662109375,0.063232421875,0.0421142578125
0.01604735624515577,0.16487841317092483,-0.32246110447366694,0.055276108315411736,0.09702757060131448,-0.08484547395659958,0.10186767578125,0.12811279296875,-0.348388671875,0.04248046875,0.16632080078125,-0.02874755859375
0.1072752409910272,0.03658650870660339,0.01589839744529778,-0.21471958900436447,0.032361486130395724,-0.004901589898385916,0.114013671875,-0.02880859375,0.05072021484375,-0.25341796875,0.01739501953125,0.02862548828125
0.19527772108013103,0.015774575390821,0.14856439272342825,-0.20951209830004552,-0.1024827440063772,0.19975886901666576,0.19403076171875,-0.0782470703125,0.16748046875,-0.22235107421875,-0.27099609375,0.14068603515625
0.11600763780409185,0.08745848581924313,-0.004212585992402447,0.06335229499922214,-0.10020389108427036,0.1693553966591697,0.134521484375,0.0347900390625,-0.02301025390625,0.09161376953125,-0.21734619140625,0.08258056640625
-0.09268265574272087,0.06468548452302592,0.07454657112248046,0.04027824897361195,0.06503751129908464,-0.09697817853560609,-0.07183837890625,0.0960693359375,0.10205078125,0.0321044921875,0.16046142578125,-0.07080078125
-0.11709779088555312,-0.0757279485646838,0.32534775251849174,-0.23706848137537032,0.22901092588033817,-0.16209488138580855,-0.146240234375,-0.0328369140625,0.3861083984375,-0.286865234375,0.35382080078125,0.0396728515625
0.042277200621493406,-0.1278560717901378,0.2766363776547295,-0.24493209212648995,0.218077975158418,0.0004179709491544968,-0.01837158203125,-0.15289306640625,0.2984619140625,-0.25738525390625,0.21148681640625,0.19415283203125
0.0004665845662706213,-0.0038601164641280006,0.014357678741652233,0.015336524577757516,0.041980888575637754,0.000229213764356914,-0.00634765625,0.0198974609375,-0.0023193359375,0.0325927734375,0.0308837890625,0.02093505859375
-0.21763082169239115,0.12977954382341111,-0.11177368973855029,0.17658784421970397,-0.05626559521013592,-0.11466732434036211,-0.14056396484375,0.23150634765625,-0.13043212890625,0.20086669921875,0.03741455078125,-0.17279052734375
-0.18134484601572515,0.13546794070105125,-0.14003059160639766,0.170046081613314,0.05891148655674409,-0.015550283083494303,-0.076171875,0.19476318359375,-0.1600341796875,0.184326171875,0.088623046875,0.0531005859375
0.03277350246864489,0.04856140213317112,-0.15889151872883797,0.07227358109050828,0.19752188064746845,0.1415392531449879,0.0615234375,0.009033203125,-0.1744384765625,0.07061767578125,0.10498046875,0.29473876953125
-0.02117252175343976,-0.052832307195351993,-0.08436157342441529,-0.09946180436066969,0.21019817630314297,0.06108125661395043,-0.06585693359375,-0.03375244140625,-0.0811767578125,-0.11968994140625,0.164794921875,0.19879150390625
-0.2075451388705764,-0.07779036588063798,-0.026957688901574788,-0.19705860027549624,0.1843173625644536,-0.07961164709042323,-0.23583984375,0.0406494140625,-0.02813720703125,-0.22314453125,0.25372314453125,0.0516357421875
-0.07653295983697529,0.044857612970619354,-0.1196796579725927,-0.10790634287915198,0.12633940543007355,-0.08874686777890446,-0.0137939453125,0.08087158203125,-0.14093017578125,-0.10467529296875,0.18865966796875,0.0106201171875
0.22751701809204047,0.19805462828117767,-0.16317192916065196,-7.776538259091317e-05,-0.018804987431677835,-0.10456323628298024,0.31280517578125,0.06451416015625,-0.18243408203125,0.00274658203125,0.05279541015625,-0.1361083984375
0.2693732220381332,0.1841426473480712,-0.049822853506039474,-0.032192796437419326,-0.08629074292289926,-0.08976432660210408,0.30474853515625,0.03094482421875,-0.04248046875,-0.04510498046875,-0.0147705078125,-0.15802001953125
0.06845391108270153,0.02678809427217104,-0.005647785179638816,-0.1326377994438653,0.018069441276336425,0.12412285955089652,0.0506591796875,-0.01385498046875,-0.0064697265625,-0.148681640625,-0.06134033203125,0.1678466796875
-0.11338762041848756,-0.12055223702689263,-0.06297726912297473,-0.17496044756231036,0.06366485182794389,0.25772144123735924,-0.17413330078125,-0.0557861328125,-0.07489013671875,-0.20281982421875,-0.13671875,0.30999755859375
-0.18564054146088796,-0.192045246760949,-0.021308165707634913,-0.08026296475967638,-0.025878014494409445,0.0009283786153072213,-0.24951171875,-0.080078125,-0.012939453125,-0.074951171875,-0.02667236328125,-0.06048583984375
-0.13674601004584647,-0.106712289310543,0.04767873795458313,0.08874887733190742,-0.017339421212305486,-0.2960133657955193,-0.16375732421875,-0.0125732421875,0.05877685546875,0.11224365234375,0.2198486328125,-0.322998046875
-0.020684909522772955,0.1480616681965076,-0.00547143208464494,0.08176941966104441,0.051609955972240086,-0.2176566139788333,0.07373046875,0.1593017578125,-0.015869140625,0.08648681640625,0.22088623046875,-0.1583251953125
0.03391670724693023,0.2699695170296057,-0.027637430004304225,-0.1097563397391826,-0.1045782815585575,0.00623202501839237,0.154296875,0.2138671875,-0.02325439453125,-0.140625,-0.14630126953125,-0.0633544921875
0.08693484976218166,0.06783574308437633,0.0405809428857646,-0.10700436964964868,-0.3448242439206034,0.04890683221905412,0.1119384765625,-0.0084228515625,0.05682373046875,-0.107177734375,-0.39654541015625,-0.22119140625
0.2444453966139428,-0.09744828118785848,-0.01437348416638406,0.10858300350108693,-0.24275682165423168,0.0009174454032025351,0.189453125,-0.21319580078125,-0.0277099609375,0.1387939453125,-0.22723388671875,-0.1878662109375
0.2617275773257989,0.011168616213029796,-0.14392895886737395,0.06143869575246314,0.15461901883725276,-0.03445478230778837,0.231201171875,-0.09716796875,-0.17071533203125,0.05291748046875,0.227783203125,0.08758544921875
-0.03242206479014167,0.007143567022515863,-0.07803248575782602,-0.21851343268099752,0.3710177783706516,-0.08192019811603238,-0.0673828125,0.02008056640625,-0.0819091796875,-0.28033447265625,0.42877197265625,0.19805908203125
-0.2252842839118601,-0.24800252751235327,0.08517567467760125,-0.17529873034987775,0.2046821532093876,-0.008621026074718196,-0.345458984375,-0.13232421875,0.1134033203125,-0.18231201171875,0.1983642578125,0.1649169921875
-0.022883975857407392,-0.26899449308845946,0.08272477658381346,0.13935216310981813,-0.040366638535218186,0.21628273825603647,-0.11322021484375,-0.21942138671875,0.0816650390625,0.18817138671875,-0.22833251953125,0.2208251953125
0.13521826246216503,-0.004991481217931455,0.006069755788694806,0.19353917406170604,-0.008932515850153377,0.3066410347568235,0.1326904296875,-0.04913330078125,0.00225830078125,0.21856689453125,-0.217041015625,0.29296875
-0.07967441171193694,0.00783905458839178,0.015961359730171706,0.040151921031672096,0.1959662610147745,0.19503952308373684,-0.1014404296875,0.0379638671875,0.02020263671875,0.03143310546875,0.07373046875,0.33349609375
-0.2549668918162115,-0.1822814049764959,0.03062482783935661,0.02707064699340288,0.16205030109222063,0.15385299074752712,-0.316650390625,-0.04705810546875,0.03131103515625,0.03656005859375,0.030517578125,0.29681396484375
-0.08932382499387884,-0.059671246376156166,0.04893280282923297,0.024826367111926376,-0.1311577661039765,0.15602131190517352,-0.0723876953125,0.0062255859375,0.05108642578125,0.02642822265625,-0.27410888671875,0.05120849609375
0.059426534902941905,0.2066421116099963,0.17977118091092406,-0.08861694238634382,-0.25560486256935094,-0.04145556340550736,0.1685791015625,0.170654296875,0.22503662109375,-0.10296630859375,-0.2225341796875,-0.26397705078125
-0.05442976539892853,0.16119985832228148,0.2772032197127215,-0.05208600150396128,-0.1283871712627543,-0.22550121387098532,0.0152587890625,0.16949462890625,0.31585693359375,-0.0462646484375,0.0556640625,-0.336669921875
-0.14005804201315436,0.04951103715618092,0.1437335589149581,0.12632472199901534,-0.08946777794760766,-0.06210429934986364,-0.0955810546875,0.10888671875,0.13525390625,0.15179443359375,-0.06146240234375,-0.10296630859375
0.009308766932910426,0.1671755856059746,-0.05989407535203597,0.14477413020736127,-0.10678987436898804,0.19162913715053487,0.1177978515625,0.15087890625,-0.08135986328125,0.158935546875,-0.25482177734375,0.1302490234375
0.19540266265868952,0.15948074752451483,-0.07885722761244886,0.0692947953580842,0.11359286746084436,0.15214339519546305,0.24530029296875,0.024169921875,-0.08416748046875,0.071533203125,0.032470703125,0.2320556640625
0.2033398164520789,-0.1291507049106745,0.050894009355035706,0.09976329149935907,0.3620352350678626,-0.01519118018355034,0.1025390625,-0.25201416015625,0.0665283203125,0.120361328125,0.40057373046875,0.2542724609375
0.03925170374187775,-0.26516331623713996,0.14580974921467163,0.10876022252675951,0.31078337021333363,-0.021614067651061393,-0.11212158203125,-0.25262451171875,0.1663818359375,0.12646484375,0.31329345703125,0.22503662109375
-0.14994098532598665,-0.1319209828630726,0.1074884305064255,0.04082191563126644,0.20281176144986637,0.07424678406092583,-0.200927734375,-0.02099609375,0.1083984375,0.0399169921875,0.14349365234375,0.2354736328125
-0.17566038756106575,-0.04529207141448497,-0.024517205058668296,0.027385491383117827,0.25179775082429035,0.1636862800579943,-0.1766357421875,0.04315185546875,-0.0418701171875,0.032470703125,0.14471435546875,0.367431640625
0.004290837378220193,-0.020285589562647935,-0.08382097606872281,-0.04320524919119468,0.18315088036995864,0.20373262314154172,0.0113525390625,-0.02484130859375,-0.0931396484375,-0.053466796875,0.01763916015625,0.34033203125
0.17888752722605755,0.057438701447049,-0.007180378443507968,-0.21269544349431543,-0.011331863336831753,0.05290374576846522,0.19635009765625,-0.03057861328125,0.00836181640625,-0.24530029296875,-0.06494140625,0.01922607421875
0.15455566686461675,0.021849190894202376,0.002232551450767986,-0.13211830888959303,0.024227297841824244,-0.2140354233380288,0.1328125,-0.0638427734375,-0.0001220703125,-0.12860107421875,0.21307373046875,-0.2197265625
0.01791919573800639,-0.11426344134987626,-0.14606931244824947,0.17633572754501203,0.14453449395584597,-0.20157436071759263,-0.054931640625,-0.1201171875,-0.17779541015625,0.220947265625,0.30291748046875,-0.0736083984375
-0.03460798488405335,-0.07511213445027284,-0.1899134773270185,0.17168585814136117,-0.029751626362618015,0.11193803651616235,-0.061279296875,-0.03466796875,-0.20361328125,0.17559814453125,-0.14508056640625,0.11724853515625
0.024387767418661808,0.04172179378457542,-0.015579085222532343,-0.10501847289585282,-0.23301841418105504,0.22176288656744264,0.051025390625,0.0283203125,0.0010986328125,-0.13824462890625,-0.40289306640625,0.0416259765625
0.060224131278586605,-0.053692324229045095,0.10744652541040733,-0.07821882820539595,-0.09707152300952465,-0.030971679992234928,0.02154541015625,-0.0911865234375,0.11907958984375,-0.066162109375,-0.0384521484375,-0.12640380859375
-0.023388062344606882,-0.1955572880561508,0.08189492530905301,0.14265473575562007,0.08481435934957923,-0.212073447678296,-0.1287841796875,-0.15838623046875,0.0877685546875,0.178466796875,0.25762939453125,-0.1549072265625
-0.13442827222431128,-0.11636441814764285,0.12218677525186417,0.04159098469106474,0.02579913965624688,-0.07064753352897149,-0.16986083984375,-0.0185546875,0.13885498046875,0.0313720703125,0.05889892578125,-0.03509521484375
-0.09662390897956544,0.03528100823214947,0.1982675698733512,-0.17111027982595817,-0.03552996595329996,0.16513428146348247,-0.0589599609375,0.0841064453125,0.22344970703125,-0.1943359375,-0.163330078125,0.1573486328125
0.05411995772327267,0.06921077444896777,0.054365887273907856,-0.06487019666178258,0.029622571917696124,0.2211472879241081,0.0904541015625,0.0252685546875,0.04364013671875,-0.0517578125,-0.1220703125,0.24432373046875
0.076026226995415,0.016637012690870208,-0.2167180357244458,0.1075800647201425,0.05143548473018062,0.004864301371251678,0.0650634765625,-0.023193359375,-0.2529296875,0.12139892578125,0.0499267578125,0.01629638671875
-0.07360417308028526,-0.09631745395391722,-0.2669736523211812,0.06261230350690754,0.044884864434575504,-0.33454744160869165,-0.129638671875,-0.0562744140625,-0.30804443359375,0.0611572265625,0.30841064453125,-0.33441162109375
-0.16048055534540234,-0.1561005634677045,-0.05913837447512808,0.05251640426107424,0.0841485299882321,-0.4055854530918807,-0.232177734375,-0.0546875,-0.05584716796875,0.06439208984375,0.39996337890625,-0.34503173828125
-0.10976909223772992,0.008037387555651922,0.12332725119569853,0.16153130143219127,0.06133073183040685,-0.09241178078138826,-0.07952880859375,0.08465576171875,0.14495849609375,0.18658447265625,0.12005615234375,-0.01678466796875
-0.09947389038669811,0.15568123128036732,0.08347387733267582,0.1136045371346013,0.03120074262564518,0.12578663043026367,-0.016357421875,0.18560791015625,0.0819091796875,0.11651611328125,-0.06402587890625,0.15765380859375
-0.1371324084198132,-0.04916911917880758,-0.0972302351887788,-0.03986646088778269,0.1580254272446998,-0.052679209364976914,-0.15765380859375,-0.00634765625,-0.1187744140625,-0.056640625,0.22467041015625,0.0379638671875
-0.03332019185999526,-0.2863917035284115,-0.17224242041621735,-0.023159349171870226,0.26669838163040543,-0.20340343708992875,-0.1666259765625,-0.25946044921875,-0.216796875,-0.0303955078125,0.44500732421875,0.00030517578125
0.1600215191786709,-0.15149600620728673,-0.04568664900104596,0.07277621754593663,0.1537186912812177,0.007601589396007978,0.084716796875,-0.18701171875,-0.03375244140625,0.08868408203125,0.12701416015625,0.15045166015625
0.18482861204152687,0.0034166971843758408,0.07205030778672201,0.05084633864300366,0.02007797737301519,0.24391172319181953,0.16156005859375,-0.08038330078125,0.0849609375,0.05224609375,-0.16925048828125,0.2716064453125
0.034162972303871435,-0.13873093217852747,0.0293966139284612,0.015382143906001053,0.04361624506556597,0.22134058108668667,-0.0592041015625,-0.15325927734375,0.0262451171875,0.01800537109375,-0.1077880859375,0.2484130859375
-0.08101158786371741,-0.14805385490877013,-0.0022220859453952447,0.0666790178758731,0.10254533689924177,0.12897677930934479,-0.13671875,-0.07318115234375,-0.0015869140625,0.07904052734375,0.01220703125,0.20599365234375
-0.1149739045902918,0.15740061927129614,0.06254639652246434,0.10314350095931482,0.13737951678501423,0.08329012114697709,-0.01318359375,0.21661376953125,0.07366943359375,0.1185302734375,0.08343505859375,0.18829345703125
-0.13636440324083104,0.2477525056077189,0.023748653863619896,0.09275837231955715,0.13476358724891183,0.008873988270241398,-0.0087890625,0.2652587890625,0.0147705078125,0.1072998046875,0.139404296875,0.10882568359375
-0.08674652042675497,-1.404443668828108e-05,-0.11286665403691341,0.11237646517387612,-0.021911298627814418,-0.009834599336312564,-0.07720947265625,0.0125732421875,-0.13287353515625,0.1241455078125,-0.03460693359375,-0.02606201171875
0.06769547694544595,-0.10616285583347689,-0.09678942293629576,0.16250681734472228,-0.16260311198100022,0.04622300509392359,0.02777099609375,-0.12396240234375,-0.101806640625,0.18426513671875,-0.20379638671875,-0.07110595703125
0.17584005418146803,-0.03512074203252245,0.0037333100445783073,0.17657076886941017,0.048702286202531725,-0.0485293244919696,0.1422119140625,-0.1083984375,0.00616455078125,0.19195556640625,0.1234130859375,-0.02392578125
0.1326783759967088,-0.0815639455779419,-0.04199834779526988,0.08388786490123847,0.37271841526323257,-0.25963406734031813,0.0771484375,-0.17041015625,-0.0662841796875,0.0869140625,0.5977783203125,0.00262451171875
0.02299271517323996,-0.07798610368522269,-0.07833937454336878,-0.11045401882611752,0.33076086558679885,-0.2488467421607812,-0.0318603515625,-0.08544921875,-0.089111328125,-0.14910888671875,0.47723388671875,0.00787353515625
-0.05687286908040704,0.11560278380791632,0.04755810898093108,-0.20528743598286628,0.11065986373199524,-0.011459100938579854,0.0050048828125,0.15216064453125,0.06988525390625,-0.22589111328125,0.0977783203125,0.0858154296875
-0.0631980035867508,0.1122653179753827,0.04329250597777844,-0.03221174226898363,0.09226111131757223,0.15881374860095543,-0.00445556640625,0.11016845703125,0.03875732421875,-0.0164794921875,-0.0106201171875,0.24053955078125
0.04091145666189239,-0.16400665098737785,-0.182499570843134,0.20039434449106217,0.071372572397506,0.20031676265757567,-0.05291748046875,-0.19378662109375,-0.22344970703125,0.23980712890625,-0.0792236328125,0.26043701171875
0.15567094438397677,-0.20190620010220647,-0.22177468588565935,0.20842672487137595,-0.12051580932849316,0.15669901768941608,0.04876708984375,-0.24884033203125,-0.24951171875,0.22705078125,-0.25128173828125,0.0604248046875
0.09168934941246902,0.0726234124147999,-0.015935785210597984,0.09811642472144785,-0.16708005645739785,-0.029464690082326113,0.1163330078125,0.05096435546875,-0.0035400390625,0.094970703125,-0.1292724609375,-0.17218017578125
-0.08064199640138967,0.16959102821791674,0.008876332254027737,0.0749354819757982,-0.029159617576621916,-0.19666085813678472,-0.00347900390625,0.18218994140625,-0.0009765625,0.09014892578125,0.139404296875,-0.22735595703125
-0.09720359989846063,0.029373975638623824,-0.13181784305099045,0.05360707986200797,-0.031772572358403764,-0.1001463147363923,-0.067626953125,0.0570068359375,-0.15289306640625,0.05438232421875,0.02374267578125,-0.102783203125
0.021899453016314244,0.018756737662289767,-0.05249818216499785,-0.03243364968606926,-0.08688336781314598,0.06227159194577528,0.0379638671875,0.009521484375,-0.03948974609375,-0.03997802734375,-0.13616943359375,0.0074462890625
0.036729375345501136,0.11742067666852468,0.10455857777531465,-0.027399247950902983,0.032875262008033555,-0.00261805761301432,0.0833740234375,0.08990478515625,0.12152099609375,-0.0235595703125,0.05694580078125,0.01068115234375
-0.050220606200785854,0.06222064601065413,-0.03600501327273239,0.0734445567302762,0.06170618987972982,-0.11724394812117413,-0.0247802734375,0.06768798828125,-0.0609130859375,0.08642578125,0.14276123046875,-0.07757568359375
-0.0991396716091672,-0.0334102787926226,-0.27112524689556894,0.09709576709778016,-0.12777809578790172,-0.0837914145166606,-0.10552978515625,0.0211181640625,-0.3153076171875,0.104736328125,-0.08966064453125,-0.174560546875
-0.14339903867541115,0.07109391467683071,-0.2564834155284658,0.09222554549035046,-0.1069327853876908,-0.0688419205431384,-0.08929443359375,0.15228271484375,-0.27716064453125,0.10235595703125,-0.0391845703125,-0.1544189453125
-0.1669842255000019,0.22612483403453632,-0.14846999039303577,0.18451500491906375,0.1968124590945783,-0.09466192914377933,-0.03546142578125,0.2890625,-0.17205810546875,0.2200927734375,0.3092041015625,0.06109619140625
-0.027978894006422984,0.1334942363728206,-0.14123616459344607,0.19571207693110176,0.2820623437930712,0.012582413889462426,0.04473876953125,0.10302734375,-0.15716552734375,0.21441650390625,0.257080078125,0.2373046875
0.1382822817539541,-0.13520914877351273,-0.11009061049275531,-0.019487354462417464,0.08463989576895009,0.09126802301626807,0.05157470703125,-0.2052001953125,-0.115234375,-0.036376953125,-0.0054931640625,0.15185546875
0.08049418425614456,-0.22516953353167957,-0.03831156944386491,-0.17751587160246282,0.013667277664828888,-0.03048522539310929,-0.050537109375,-0.22198486328125,-0.03363037109375,-0.20355224609375,0.04742431640625,-0.04107666015625
-0.004976828337507248,-0.05028878790642977,-0.032551801877223945,-0.06029024568976893,0.0507728367483985,-0.046244535775356,-0.01629638671875,-0.0186767578125,-0.0374755859375,-0.04742431640625,0.08624267578125,0.00335693359375
0.14690447342061627,0.05945338492044049,0.02994780578191368,0.022496750904235915,-0.06953269968180215,0.16632697243335448,0.17401123046875,-0.02740478515625,0.04266357421875,0.02685546875,-0.21820068359375,0.13751220703125
0.23276804861114664,-0.0851342836276263,0.18775296485169177,-0.19241048357355997,-0.1655698936001024,0.19114404512610836,0.15594482421875,-0.210693359375,0.23883056640625,-0.240234375,-0.3170166015625,0.05218505859375
-0.024599608086111863,-0.19819771184360024,0.1526550167319241,-0.37162723739538017,-0.02277429108587124,-0.015517692302058085,-0.1517333984375,-0.1572265625,0.1666259765625,-0.4180908203125,0.02972412109375,-0.0428466796875
-0.22755154590710025,-0.05836134769284856,-0.0848974318639661,-0.1720835778657581,0.06089377345385094,0.010076538871639172,-0.21405029296875,0.0794677734375,-0.1085205078125,-0.16705322265625,0.0498046875,0.08282470703125
-0.056514069104792855,0.09241255859708307,-0.11333717209481724,0.11159916647783144,-0.17518567394463516,0.19497714383407697,0.01776123046875,0.103759765625,-0.11700439453125,0.14111328125,-0.35260009765625,0.0732421875
0.11544348873579915,0.06906388922191645,0.09344525049721769,0.06899667874611604,-0.4535664878627436,0.07300601058721792,0.14697265625,0.00286865234375,0.143310546875,0.08135986328125,-0.51513671875,-0.30352783203125
-0.006480859170968059,0.07598470993428826,0.10524206870907445,-0.1291275558538534,-0.4441046575073272,-0.14042047528980195,0.033935546875,0.09552001953125,0.114501953125,-0.1566162109375,-0.3162841796875,-0.47039794921875
-0.14186881526828185,0.20673575073426873,-0.08481633515919756,-0.1235264341959457,-0.2330628677353496,0.0284561844805369,-0.0201416015625,0.26702880859375,-0.1185302734375,-0.13385009765625,-0.25140380859375,-0.1153564453125
-0.07605517138166153,0.26883256127589966,-0.05252227704466981,0.014637049489319928,-0.05716207508013112,0.2732234236023863,0.0732421875,0.26727294921875,-0.04681396484375,0.03594970703125,-0.2674560546875,0.25750732421875
0.04880435711750525,0.23625812753524633,0.19374911251273808,0.05848976623414002,0.03638640321604156,0.11172338664394275,0.16168212890625,0.17718505859375,0.23577880859375,0.0673828125,-0.04193115234375,0.10784912109375
0.1290069598471112,0.2257654345803209,0.22792114940851857,0.031619148226613415,0.08956468516666057,-0.18663595422423823,0.23828125,0.13800048828125,0.2515869140625,0.0386962890625,0.25128173828125,-0.15234375
0.11904246133586574,0.1509877668705784,-0.009665114156332996,-0.010343061587804464,0.05533404414129798,-0.22325173094731465,0.1693115234375,0.06341552734375,-0.03466796875,-0.01556396484375,0.21685791015625,-0.1749267578125
-0.06504869726153249,-0.03685225691752945,-0.16608166910170416,-0.08237740871729955,-0.08434275678902349,-0.15637740247686785,-0.10528564453125,-0.0084228515625,-0.18438720703125,-0.0977783203125,0.01544189453125,-0.2181396484375
-0.2644162167658646,-0.1253673817955684,-0.09199977561275123,-0.050011218487790166,-0.17493335478773836,-0.15506834068182848,-0.30242919921875,0.03265380859375,-0.09527587890625,-0.05535888671875,-0.0635986328125,-0.30560302734375
-0.21560135252476292,-0.032527609625021395,0.004228556715106041,0.12498392294051384,-0.10755851275772454,-0.061488598058198875,-0.178466796875,0.084228515625,0.01239013671875,0.1558837890625,-0.05517578125,-0.1275634765625
-0.04419747697971921,0.06761548220737369,-0.06057405272853077,0.11928310702099713,-0.04094430529466576,0.10065567907194133,0.005859375,0.078369140625,-0.076171875,0.1197509765625,-0.11871337890625,0.08526611328125
-0.0049247542596076764,0.09032400752258797,-0.1867580072551341,-0.17615988794550733,-0.1079426266307,0.08398207141016438,0.03619384765625,0.08294677734375,-0.2081298828125,-0.22039794921875,-0.1807861328125,-0.00897216796875
0.013775424867887612,0.02820897044909184,-0.14316050549414844,-0.31854226698051974,-0.13249696372502895,-0.05330753200288876,0.027099609375,0.00970458984375,-0.14093017578125,-0.352783203125,-0.08721923828125,-0.1549072265625
0.14161479262882024,-0.13897833439402796,0.07793251712959105,-0.102995661936065,0.010846671992321288,-0.014794603639388492,0.06103515625,-0.20465087890625,0.10614013671875,-0.08349609375,0.03857421875,0.0086669921875
0.19098925180985304,-0.19162374092393689,0.20341587075328393,0.06115778228330216,0.11081639851393608,0.2064620527700239,0.0738525390625,-0.26019287109375,0.2359619140625,0.0816650390625,-0.05218505859375,0.33038330078125
0.08625172824079146,0.07658913316449638,0.09990695990450499,-0.03251557698443145,0.033211386407490294,0.329393599576392,0.1185302734375,0.058837890625,0.0960693359375,-0.04376220703125,-0.228759765625,0.35650634765625
0.006623847493004449,0.31034314669035407,0.0005173178038687723,-0.09673401120456449,-0.04130072228837355,0.23670432914546824,0.1641845703125,0.271484375,0.00146484375,-0.10919189453125,-0.22943115234375,0.21099853515625
-0.028415769735985804,0.14309282124218745,0.08849699672855055,-0.03981656042121824,-0.02418541044941291,0.10881089656854642,0.025146484375,0.1107177734375,0.10650634765625,-0.0355224609375,-0.09918212890625,0.08599853515625
-0.09312554537183773,-0.041274823510296474,0.18344562806504688,-0.02971344999249455,-0.033690276427178735,0.1024794443335638,-0.10406494140625,0.00775146484375,0.1995849609375,-0.02685546875,-0.11468505859375,0.0853271484375
-0.057720208006453645,0.1316792769046234,0.1008358919218516,-0.004480501119073276,-0.059655557070355074,0.1398456218877542,0.03411865234375,0.16180419921875,0.09893798828125,0.0047607421875,-0.166748046875,0.10009765625
0.11547062970109752,0.24666891625486204,-0.024992322526593263,0.10757981121389527,-0.04816144620236843,0.13858909264033636,0.23162841796875,0.14642333984375,-0.0421142578125,0.1346435546875,-0.1549072265625,0.10955810546875
0.18494421590951635,0.034199282622208275,-0.009994523627964574,0.11675926106803268,-0.1311794468387431,0.18370038123087767,0.16632080078125,-0.080810546875,-0.00616455078125,0.12493896484375,-0.28790283203125,0.0916748046875
0.07367842162457941,-0.0003931409639424028,0.08738014555957646,0.010189373679205704,-0.29671018727384246,0.25367907243380894,0.063232421875,-0.0118408203125,0.1090087890625,0.008544921875,-0.50115966796875,0.034912109375
-0.0035312139658680644,0.312552669131796,0.09808914482297713,-0.014168267866549247,-0.24955853880579715,0.15370446331202833,0.17474365234375,0.3099365234375,0.1146240234375,-0.00799560546875,-0.3646240234375,-0.042724609375
0.04877768762546975,0.3726213651894356,-0.03716202982348704,-0.04748066218323404,0.0150091768433115,-0.050472719494423626,0.2144775390625,0.28045654296875,-0.0546875,-0.0614013671875,0.08575439453125,-0.05364990234375
0.13179924499772597,0.02708247162626061,-0.23259937466155095,-0.20360831497728513,0.08085122732486567,-0.0781286374708387,0.12353515625,-0.0740966796875,-0.260986328125,-0.236083984375,0.13275146484375,-0.005615234375
0.17570093494829567,-0.139999645023331,-0.3393026802131488,-0.18713452545393328,-0.15988938986397197,-0.026922111334981097,0.08599853515625,-0.20965576171875,-0.38153076171875,-0.20440673828125,-0.17657470703125,-0.1378173828125
0.1404476445537257,0.04176393561794006,-0.2783514115632835,0.09181074261758637,-0.2830646231855132,-0.17364980938742594,0.165283203125,-0.009521484375,-0.3125,0.13873291015625,-0.13531494140625,-0.41497802734375
0.02634371923038624,0.15229681229032455,-0.11106731441166325,0.18193630718662487,-0.04991600120563832,-0.2844261392410182,0.09228515625,0.1275634765625,-0.10662841796875,0.20111083984375,0.19232177734375,-0.32354736328125
-0.0566925967269788,0.06939135761316231,0.03300979271158623,-0.037044121865975575,0.22123290737843668,-0.047858134019364174,-0.0235595703125,0.07989501953125,0.0474853515625,-0.05389404296875,0.25872802734375,0.15411376953125
-0.05519564504307698,0.003498729465229785,0.04716509946637512,-0.12824497658184503,0.1808811738124486,0.17276394681155696,-0.04571533203125,0.02978515625,0.0484619140625,-0.1402587890625,0.03204345703125,0.31463623046875
-0.028794321508758727,-0.03674818138346537,-0.07365345639669997,-0.019329442291551084,-0.056350631777341634,0.010532184997968343,-0.0435791015625,-0.02667236328125,-0.0888671875,-0.0135498046875,-0.07757568359375,-0.06341552734375
0.04422618360965657,-0.10090495139006116,-0.16867287676720918,-0.04454798313885604,-0.12734644922373384,-0.1461991678574896,-0.0069580078125,-0.1151123046875,-0.18634033203125,-0.0587158203125,-0.0107421875,-0.24078369140625
0.16674616197424597,-0.06502741947766047,-0.10220753289142893,-0.15114224730739342,0.06078844745459861,0.021236940086594075,0.12860107421875,-0.12847900390625,-0.0994873046875,-0.16937255859375,0.0645751953125,0.097900390625
0.16233883059451212,0.08070267559457357,-0.03737732429877437,-0.10454770254126752,0.2433304155410016,0.12973410897564433,0.18243408203125,0.001708984375,-0.04046630859375,-0.106689453125,0.1600341796875,0.31585693359375
-0.0006886574497515633,0.1686120697986133,-0.1657583261730248,-0.061202022459793386,0.22457732480456805,0.002219007562891876,0.06683349609375,0.15093994140625,-0.19622802734375,-0.06866455078125,0.22088623046875,0.153076171875
-0.09523937805722976,0.15374718312511415,-0.2526688843073608,-0.1408655551401179,0.1372505413885802,0.03833949779778172,-0.0069580078125,0.1820068359375,-0.277587890625,-0.1668701171875,0.10418701171875,0.1544189453125
-0.08489447480592797,0.10331662392195476,-0.006328035816135261,-0.11636108699651568,0.1619662285813147,0.2453922609488917,-0.0269775390625,0.12884521484375,0.02081298828125,-0.1185302734375,-0.015380859375,0.3941650390625
-0.11518845319022147,0.02426998235815703,0.2935408221336805,0.024911494891111212,0.25182521951561726,0.16449760088489107,-0.09722900390625,0.07244873046875,0.34649658203125,0.04437255859375,0.13848876953125,0.3345947265625
-0.09636939883452329,-0.050970953604761275,0.22047841683976568,0.0168752387175847,0.26319310636978066,-0.12630658552164542,-0.10162353515625,-0.00677490234375,0.22332763671875,0.01806640625,0.3590087890625,0.04541015625
0.04038229069622464,-0.036474367479577496,-0.04508636736335549,-0.11858505097538768,0.14437466387437292,-0.1509356079107768,0.029052734375,-0.05322265625,-0.06854248046875,-0.14105224609375,0.24005126953125,-0.03240966796875
0.04397595092805559,0.04265190459228066,-0.07896150517260038,-0.16672450664443894,-0.02368869261982074,0.03985354502540112,0.0517578125,0.0267333984375,-0.07525634765625,-0.18084716796875,-0.06451416015625,0.037109375
-0.12659869003374424,0.07808565501239281,0.0808258604504536,-0.11394711136507817,-0.054310214665143755,0.11937917056178404,-0.086669921875,0.1351318359375,0.10400390625,-0.11395263671875,-0.13446044921875,0.0782470703125
-0.16151855004214094,0.06219100082414981,0.17572912620780023,0.005410050243304626,0.1071746193593172,0.15793223450027563,-0.106689453125,0.1280517578125,0.1998291015625,0.0224609375,0.00927734375,0.251220703125
-0.07231781020036587,0.07535829360540919,0.177456465078982,0.14300002160731062,0.1843471704897856,0.2536552122393762,-0.01495361328125,0.10479736328125,0.1983642578125,0.17645263671875,-0.0047607421875,0.39886474609375
-0.09594481405512728,0.12472808326181374,0.12072996906373312,0.06903926177845404,-0.026264758348900675,0.1780914569136788,-0.02777099609375,0.159423828125,0.1240234375,0.06719970703125,-0.18621826171875,0.1424560546875
-0.07296596139252441,0.10345112651332002,0.011522277633203203,-0.21198572782268169,-0.2240167892087948,-0.08949248498984755,-0.0035400390625,0.116455078125,0.0023193359375,-0.2578125,-0.16143798828125,-0.2828369140625
0.121637488435464,-0.037451186162835354,-0.0044942353466658255,-0.27788972015760843,-0.08626446875433497,-0.21165383630051204,0.101318359375,-0.11944580078125,0.0001220703125,-0.3048095703125,0.0948486328125,-0.26849365234375
0.14965283017294817,-0.12475369904412416,0.1256300077692341,-0.06403416614584329,0.15079200132395107,-0.11324623737475892,0.060791015625,-0.17547607421875,0.15289306640625,-0.04388427734375,0.252197265625,0.015869140625
-0.0142933546175839,0.01830440408375227,0.16894179536343937,-0.006450600844941563,0.14861255557606914,-0.05403538046615755,-0.00732421875,0.0462646484375,0.18133544921875,-0.008056640625,0.177490234375,0.05108642578125
0.05698345733693743,0.2016686174779088,0.04291003707870364,-0.10815124318623072,0.034762941356896206,-0.08815336622121071,0.1650390625,0.1456298828125,0.03717041015625,-0.12738037109375,0.095458984375,-0.0701904296875
0.22547595433079365,0.09652231451201072,-0.008608115669379024,0.009362959773440913,0.017653178714813537,-0.07114716760024177,0.2330322265625,-0.045654296875,-0.006103515625,0.026611328125,0.08245849609375,-0.0506591796875
0.013237856941669712,-0.18782287307825657,0.08120232311384101,0.17422187005798187,-0.013893783556274448,-0.06027688463799481,-0.11846923828125,-0.17303466796875,0.09686279296875,0.1998291015625,0.02740478515625,-0.07647705078125
-0.2806722998709835,-0.24805874093173913,0.10699240404386184,0.04890074501736796,-0.13480534307139547,-0.19398556356057953,-0.3719482421875,-0.0599365234375,0.1251220703125,0.04058837890625,0.00628662109375,-0.34429931640625
-0.15866474276987438,-0.028818850085722776,0.03790648713468971,-0.026785496129395146,-0.1673182957931947,-0.34698424997889316,-0.1234130859375,0.07373046875,0.0396728515625,-0.02874755859375,0.0960693359375,-0.48138427734375
0.03748485309625359,0.18259730078764427,-0.01754201976693929,0.21685066644773865,-0.02229967080017628,-0.29349443675432096,0.1365966796875,0.15484619140625,-0.02227783203125,0.2705078125,0.21954345703125,-0.3023681640625
-0.04745575634754388,0.22999127043393988,-0.09984794454093603,0.2837394191605272,0.16546487992057493,-0.0789200015684778,0.05084228515625,0.23187255859375,-0.1214599609375,0.316162109375,0.23358154296875,0.07037353515625
-0.042285952371102845,0.15827084379199924,-0.19480877971762275,-0.05158691989972492,0.2606427571225531,0.04534496998246545,0.05230712890625,0.1396484375,-0.22259521484375,-0.09344482421875,0.2366943359375,0.2337646484375
0.1765067117294999,0.07036048265630772,-0.13135262607832687,-0.22466886280336587,0.2289276580544688,-0.015523908008448722,0.20941162109375,-0.03948974609375,-0.1317138671875,-0.2540283203125,0.23748779296875,0.14642333984375
0.1665216105811681,0.09563282852654674,0.05558508571260377,-0.021787402118422197,0.12031757853848483,-0.1071029090664121,0.17254638671875,0.01531982421875,0.079833984375,-0.002197265625,0.1962890625,-0.0242919921875
-0.06762741230994311,0.19833648125383793,0.13978824389885783,0.11469488620110332,0.029026756649061652,-0.08664887267812602,0.0240478515625,0.22406005859375,0.15020751953125,0.1317138671875,0.092041015625,-0.060791015625
-0.1240268419207268,0.14337980797779304,0.09322266771738252,0.07406444737436116,-0.03772183537960536,-0.00030478824129207775,-0.0364990234375,0.1634521484375,0.09649658203125,0.07843017578125,-0.044189453125,-0.02239990234375
-0.041350503345207554,-0.04437411345529179,0.014553070228900336,0.06514091672823209,-0.1362772897451957,0.0451560779823212,-0.056396484375,-0.0347900390625,0.0086669921875,0.0736083984375,-0.1790771484375,-0.05645751953125
0.00597210645619712,-0.02616559135467429,-0.09781621054716387,-0.02454935461086674,-0.1979357026446304,0.03653907998947332,6.103515625e-05,-0.00982666015625,-0.11724853515625,-0.03924560546875,-0.2259521484375,-0.1112060546875
0.12849214646368184,0.19482492010471383,-0.19806436103608047,-0.192516495302584,-0.121361485122048,0.02626853428286639,0.23553466796875,0.12298583984375,-0.222412109375,-0.2315673828125,-0.13287353515625,-0.05926513671875
0.24112517052199783,0.22802601514929713,-0.20337275118891765,-0.08207079800381248,0.01432327564839868,0.05783713193129648,0.32080078125,0.0738525390625,-0.224853515625,-0.08270263671875,-0.01995849609375,0.0838623046875
0.15128841825751613,0.035807836321857,-0.19150452184082103,0.16502156108295435,0.09504715540385283,0.11930422986683864,0.12628173828125,-0.050048828125,-0.21002197265625,0.19195556640625,0.01129150390625,0.1995849609375
0.08482848476412094,-0.03667051391812046,-0.1754724695354482,0.050025723357052514,0.1251135422022782,0.12237824038920476,0.05987548828125,-0.0703125,-0.19061279296875,0.03216552734375,0.03753662109375,0.2142333984375
0.15275932290665595,0.06328304698962553,0.003855397144203847,-0.1496654493590848,0.07966420395388712,0.025657488313467515,0.1724853515625,-0.0107421875,0.02764892578125,-0.17327880859375,0.0557861328125,0.0765380859375
0.0045733717630960565,0.08964361590393094,0.2105169131806497,0.10659196534705467,-0.058184800582428135,-0.04192999705353333,0.0191650390625,0.08221435546875,0.23516845703125,0.14984130859375,-0.03656005859375,-0.0859375
-0.2863981785829689,-0.019920519863654625,0.08154283536670456,0.367720569023324,-0.1318789663345336,0.02163061786532869,-0.28973388671875,0.12554931640625,0.05841064453125,0.44189453125,-0.14617919921875,-0.0721435546875
-0.23276266022361253,-0.14428052730797303,-0.24181252111331408,0.050513184641188064,-0.06635016576220254,0.07865306830763692,-0.25225830078125,-0.0343017578125,-0.29498291015625,0.01611328125,-0.11529541015625,0.03631591796875
-0.03909802154531539,-0.17910775024709089,-0.2807746625812704,-0.29826514807326293,-0.04869473255921385,0.006922481887138094,-0.121337890625,-0.15509033203125,-0.29852294921875,-0.34832763671875,-0.0604248046875,-0.0399169921875
-0.1822237922150588,-0.07042140598091355,-0.050187023313839875,-0.08772183970650979,-0.13186217596541452,-0.04343217714556132,-0.2088623046875,0.04962158203125,-0.0447998046875,-0.0589599609375,-0.11041259765625,-0.14190673828125
-0.2973621974178912,0.05829071639521416,0.12430284506225132,0.17263017899230992,-0.12149720461868135,0.04318554742076753,-0.22760009765625,0.20306396484375,0.150390625,0.21405029296875,-0.15435791015625,-0.041748046875
0.0034897390526359845,-0.0023262906626823586,0.2256965602995696,0.0012526308075733032,-0.04079097361933685,0.08762272720796399,0.02996826171875,-0.0325927734375,0.2481689453125,-0.0179443359375,-0.10455322265625,0.0516357421875
0.20444793680392773,-0.14048708674522015,0.2764175651972769,-0.18688258732843332,-0.09249762255610003,-0.037389768541846086,0.10614013671875,-0.23797607421875,0.32623291015625,-0.21160888671875,-0.066162109375,-0.12548828125
-0.0005421524050856505,-0.10162749002344384,0.129176445698822,-0.09681349309839014,-0.16929982371266775,-0.15799395483202902,-0.062744140625,-0.05572509765625,0.1217041015625,-0.09307861328125,-0.0577392578125,-0.2847900390625
-0.09961682312515507,-0.04137185652799193,-0.07374425304152547,-0.023000696120113837,-0.052360434430386016,-0.12597232805284123,-0.0972900390625,0.00384521484375,-0.08978271484375,-0.02783203125,0.0626220703125,-0.15826416015625
0.04005110652829729,-0.195032883504989,-0.07282039938321103,-0.04470132096098676,0.11974125507232462,-0.018755792046704217,-0.05450439453125,-0.20721435546875,-0.07000732421875,-0.05255126953125,0.14349365234375,0.0859375
-0.005060951212292368,-0.31016908169005153,-0.05812307464027059,0.01351383405402424,0.13234790778775815,0.09406103466181048,-0.17034912109375,-0.2593994140625,-0.0667724609375,0.02197265625,0.0594482421875,0.21563720703125
-0.13593952003575252,-0.1698740850680777,-0.19365288124423333,0.04927898077977144,0.05814392125091281,0.20451374268702424,-0.20269775390625,-0.06219482421875,-0.2342529296875,0.05303955078125,-0.104248046875,0.267578125
-0.014268114210555759,-0.07104387392754909,-0.16060440557819644,-0.004271168589048846,0.0007599709359855445,0.20356345827869532,-0.029541015625,-0.06829833984375,-0.16302490234375,-0.00750732421875,-0.14678955078125,0.19744873046875
0.10654322439678464,-0.13793976094846397,0.0668110692740412,0.037105216256010085,-0.04785257257107284,0.025591297711422968,0.02081298828125,-0.17578125,0.09326171875,0.0504150390625,-0.06689453125,-0.0301513671875
0.006170480554829534,-0.03709025090520356,0.022209674444995962,0.10039560640402298,-0.02886278592425808,-0.14911034454750355,-0.01654052734375,-0.01031494140625,0.0072021484375,0.11285400390625,0.09228515625,-0.18011474609375
-0.02301164383181956,0.223845565253984,-0.20761485749841624,-0.0013423405157039928,0.04394262021356447,-0.13253921827019383,0.107666015625,0.22198486328125,-0.2489013671875,-0.015625,0.1524658203125,-0.0963134765625
0.052587356796373615,0.2577238160774113,-0.08122921719975491,-0.04215245502148472,-0.024054125621280176,-0.0014653669535189043,0.16259765625,0.18084716796875,-0.0618896484375,-0.0479736328125,-0.0428466796875,-0.01068115234375
-0.05346719640210274,0.1337937225252484,0.21098661959533388,0.10364126089326547,-0.231210180338992,0.07348818622083278,-0.00537109375,0.1490478515625,0.25653076171875,0.1334228515625,-0.3077392578125,-0.10009765625
-0.1913605507422124,0.1776620998960024,0.13559135993539545,0.07296864855259945,-0.3065819273289217,0.06252847371598075,-0.077880859375,0.28021240234375,0.14129638671875,0.0782470703125,-0.3626708984375,-0.17437744140625
-0.07258069548218415,0.206976721731258,-0.03631716431934689,-0.14801789509403795,-0.1717469849460325,0.024170225240984985,0.05706787109375,0.2022705078125,-0.04937744140625,-0.18145751953125,-0.17498779296875,-0.10400390625
0.1203844526546534,-0.04204146358012039,0.1300141015945467,-0.08897128966611856,0.00881903438320659,0.01883928466229093,0.07659912109375,-0.12420654296875,0.16558837890625,-0.07513427734375,0.00830078125,0.03271484375
0.18958959005915177,-0.2701703121614824,0.29394402636552225,0.15061942730983963,0.1588793192100716,0.08518148960893097,0.03875732421875,-0.35089111328125,0.337646484375,0.20556640625,0.10565185546875,0.23846435546875
0.22058473032930165,-0.20070770832086143,0.15430025664021277,0.07521106596920672,0.23605865510269516,0.14571149948820256,0.11102294921875,-0.28045654296875,0.15338134765625,0.0772705078125,0.1259765625,0.3441162109375
0.1571775364142828,-0.10643328529800472,0.05607635052309524,-0.12140257852428082,0.13921355670953411,0.06654949167292497,0.073486328125,-0.16571044921875,0.06268310546875,-0.1466064453125,0.083251953125,0.15692138671875
-0.06834791730122808,-0.20010203852499095,0.12089204899576828,-0.060600301903869246,-0.04931123052175242,-0.07156328350495682,-0.17864990234375,-0.14508056640625,0.1419677734375,-0.052734375,-0.00250244140625,-0.120849609375
-0.1959960844405068,-0.24404894120977136,0.046038187932332365,-0.06420797786666847,-0.1348398165852693,-0.04198956100854166,-0.27655029296875,-0.110595703125,0.0400390625,-0.07623291015625,-0.10955810546875,-0.14117431640625
-0.07910307346878846,-0.09223387108393555,-0.08951250908948213,-0.2781885342572806,-0.14435477696031596,0.10604931159110564,-0.08837890625,-0.0345458984375,-0.1019287109375,-0.32354736328125,-0.22930908203125,0.01153564453125
0.11310487712629581,0.04067405030844958,-0.01928366318646071,-0.1555311430944981,-0.16243811887107099,0.10812281990701464,0.1370849609375,-0.02349853515625,-0.00714111328125,-0.14471435546875,-0.24603271484375,-0.02008056640625
0.3202515919269396,0.011159937935482908,0.07551718966688119,0.2582294590037827,-0.09803532950772308,-0.009132812483857031,0.30340576171875,-0.162109375,0.08050537109375,0.33160400390625,-0.09051513671875,-0.09259033203125
0.45831659367116245,-0.04678551028733189,0.05119514925231843,0.18451454064246017,0.025309880926780423,-0.010442536172667508,0.37933349609375,-0.26397705078125,0.04071044921875,0.20037841796875,0.0325927734375,0.01959228515625
0.24722032021745444,-0.019447595758384627,0.1402153122855528,-0.26479094642629364,0.02448235823758492,0.03680669463840723,0.18133544921875,-0.12274169921875,0.1773681640625,-0.33636474609375,-0.01409912109375,0.05224609375
-0.13834002633400713,0.006947162374074572,0.27629073233561385,-0.21606023061590607,-0.01895246692672425,-0.050218015096996166,-0.14422607421875,0.08612060546875,0.31036376953125,-0.206787109375,0.02178955078125,-0.0736083984375
-0.15308591772600452,-0.052124910727170154,0.10962007749264228,0.21767452953251729,0.100588633820684,-0.1031382204863844,-0.14935302734375,0.00787353515625,0.09808349609375,0.2762451171875,0.20330810546875,-0.02423095703125
0.05223933671335272,-0.103977388105809,-0.2075998158708341,0.2230626047854196,0.20678019225756025,0.02003455194719069,0.00042724609375,-0.12249755859375,-0.25250244140625,0.22259521484375,0.19500732421875,0.1934814453125
-0.05497800270058593,-0.07033811946040341,-0.28381158595727174,-0.10512015973709428,0.032996347489711766,0.03819681231539383,-0.10150146484375,-0.0228271484375,-0.29901123046875,-0.140380859375,-0.0155029296875,0.05242919921875
-0.22870292769503892,-0.07426410622755758,-0.2066129394249422,-0.1399559868475833,-0.23184292222097816,-0.1381088923055047,-0.25537109375,0.04840087890625,-0.23724365234375,-0.15399169921875,-0.145263671875,-0.34808349609375
-0.05086278776564007,-0.17155054711483872,-0.183119099834945,0.017548414752331213,-0.26281180271109805,-0.11484090986889409,-0.111328125,-0.13653564453125,-0.20465087890625,0.03033447265625,-0.1669921875,-0.29620361328125
0.11006742157576437,-0.16547763412909197,-0.1399841596053938,-0.031028050548304275,-0.09548999411569421,0.11830830815311144,0.01531982421875,-0.1846923828125,-0.1455078125,-0.0443115234375,-0.17926025390625,0.07427978515625
0.011590945944114802,-0.020141343038892753,-0.12261270789952992,-0.1541241847775905,0.06771079835519897,0.041035002119296816,-0.00347900390625,-0.0028076171875,-0.12744140625,-0.16845703125,0.0516357421875,0.06451416015625
0.06428817484653283,-0.007881380287940921,-0.22624924796778553,-0.1292306147479446,0.13061228062425062,-0.28207220605328726,0.06695556640625,-0.05987548828125,-0.26715087890625,-0.1414794921875,0.35345458984375,-0.21136474609375
0.20468685535079384,-0.12782668537470648,-0.17897375010681443,-0.0605802697863923,0.05546302282763746,-0.2041395656743787,0.11212158203125,-0.22265625,-0.1861572265625,-0.067138671875,0.19805908203125,-0.14117431640625
-0.013165894870303115,-0.04708334187995442,0.11776261702763142,0.005201721956343666,-0.08379726956162414,0.190034079326044,-0.05712890625,-0.00079345703125,0.1544189453125,0.0150146484375,-0.24359130859375,0.16552734375
-0.1872454895316883,0.18064091217432685,0.20685342979245527,0.15303825889848582,-0.10329168020755372,0.181118466327938,-0.06317138671875,0.26690673828125,0.22607421875,0.193359375,-0.23876953125,0.080810546875
0.16699325032029408,0.18603644854056703,-0.007884603027188342,0.270705754303273,-0.008325114421520076,-0.21435586961979436,0.282958984375,0.0482177734375,-0.0360107421875,0.31304931640625,0.1768798828125,-0.2669677734375
0.4085647659403511,0.03800317175112058,-0.0017077727961596907,0.18168284601598847,0.007213918429410419,-0.36236445270158096,0.39703369140625,-0.20086669921875,0.00518798828125,0.21405029296875,0.31451416015625,-0.397216796875
0.08549960636646825,0.010753583447696611,0.213508323771481,-0.022176757876127804,-0.04904024855693901,-0.20325066464144612,0.042724609375,-0.00927734375,0.26519775390625,-0.045166015625,0.081298828125,-0.22198486328125
-0.06477379219765617,-0.03166846445331972,0.058333220768394166,-0.08575006149219942,0.005562929442908236,-0.11588814104239809,-0.0584716796875,-0.0101318359375,0.033203125,-0.087646484375,0.10906982421875,-0.12237548828125
0.2465399286185322,-0.15839492682372344,-0.3067505550376419,0.0668628470252917,0.14067584051947132,-0.115099504918907,0.175048828125,-0.30072021484375,-0.37652587890625,0.08477783203125,0.2537841796875,-0.0023193359375
0.276746146154226,-0.014676235769842956,-0.2072227828159885,0.2061509895532068,0.1648343599127428,-0.06694113718164736,0.22967529296875,-0.1185302734375,-0.2138671875,0.2332763671875,0.217041015625,0.05987548828125
-0.01844079644477866,0.367069392349528,0.164570520095942,0.08913485996736052,0.05813902592330855,-0.03685757707285718,0.15203857421875,0.36663818359375,0.21484375,0.08746337890625,0.08642578125,0.0009765625
0.04128584688659428,0.4110455847969697,0.1476453555282961,-0.13534889418657148,-0.05557756379472253,0.02309966208144186,0.251708984375,0.31134033203125,0.1671142578125,-0.17529296875,-0.09393310546875,-0.02191162109375
0.2474369741094744,0.061881663649418696,-0.08098267234146056,-0.12706417660209948,-0.11556259568501176,0.21738524586001184,0.241943359375,-0.10308837890625,-0.09912109375,-0.13568115234375,-0.2994384765625,0.1556396484375
0.04534237329729986,-0.1203741464059088,0.0021641204542393465,0.06739094845217632,-0.12700189841398504,0.3360002831729028,-0.04974365234375,-0.109130859375,0.02496337890625,0.09075927734375,-0.3809814453125,0.2509765625
-0.1560667189311218,0.0254252124551672,0.1946358168058816,0.15056825530964216,-0.09867852662726605,0.19023552245799483,-0.1083984375,0.1162109375,0.21966552734375,0.1751708984375,-0.23394775390625,0.09490966796875
0.0111422834732603,0.19569941854932024,0.13177892616666828,0.12651034199523087,-0.03938845083510539,-0.016487262165446905,0.12860107421875,0.1583251953125,0.12518310546875,0.14068603515625,-0.01629638671875,-0.0550537109375
0.03132213632992383,0.24551379812190555,0.045676357407197686,0.12024225169642239,0.04430064243703802,-0.08594904976057886,0.1240234375,0.20556640625,0.0450439453125,0.138671875,0.12109375,-0.0455322265625
-0.19294517141194648,0.12116325884119286,0.144981026308786,0.03231948897468897,0.11736376364275128,-0.06939790387057282,-0.130859375,0.1912841796875,0.1708984375,0.03192138671875,0.17926025390625,0.01898193359375
-0.06983689511990078,-0.18691298539487655,0.17658717848471803,-0.09880075407490964,0.1192454088386491,0.001122625245478758,-0.13372802734375,-0.16998291015625,0.1915283203125,-0.10968017578125,0.11700439453125,0.1014404296875
0.24058916621505488,-0.3153359743260383,0.0732346978407367,-0.018655942780914474,0.059670660529422784,0.09037386283126947,0.075439453125,-0.39105224609375,0.07733154296875,-0.00543212890625,-0.01898193359375,0.1610107421875
0.10157802161143016,-0.01939404161661076,0.10301027289776624,0.16519514366649893,-0.0007615712761948371,0.0724625913584651,0.06463623046875,-0.0096435546875,0.111572265625,0.193115234375,-0.055419921875,0.0682373046875
-0.18488109710326067,0.20887094303407103,0.22022132789889476,0.1469270868210086,-0.07294191446742532,0.005998903391241385,-0.07000732421875,0.28289794921875,0.251953125,0.16204833984375,-0.083984375,-0.06402587890625
-0.054769295479068544,-0.028965568642429048,0.1367795462175307,0.09413049071606684,-0.15877428592517756,0.03374440249431915,-0.04901123046875,-0.04510498046875,0.13201904296875,0.101806640625,-0.18719482421875,-0.0810546875
0.11991959875559234,-0.257506761805291,-0.05958302999369305,0.2417930192447265,-0.13515527856416135,0.01562306964915338,-0.0174560546875,-0.29400634765625,-0.08892822265625,0.28936767578125,-0.144287109375,-0.0958251953125
-0.05818247433441633,-0.07598360639563041,-0.10327743019543044,0.27919884242715653,0.04936502399951716,-0.13967500029271399,-0.10137939453125,-0.0030517578125,-0.11749267578125,0.2999267578125,0.17779541015625,-0.11431884765625
-0.17812820033117183,0.10883118398525082,-0.06180025774294253,0.00672600523772516,0.2212377749200423,-0.17514662130197994,-0.0977783203125,0.17828369140625,-0.0711669921875,-0.0189208984375,0.37139892578125,-0.000732421875
-0.012976642905743675,0.0047524133493973405,-0.060959542360514395,-0.17880781257736464,0.23051556008658464,-0.04500694178426824,-0.00250244140625,-0.01324462890625,-0.0654296875,-0.200927734375,0.24945068359375,0.14056396484375
0.05830462412045703,-0.0375652439109556,0.030055407702579237,-0.08756426812849667,0.12972120187322447,-0.03390241703933835,0.024658203125,-0.0478515625,0.05133056640625,-0.07958984375,0.15118408203125,0.052734375
-0.019903538191140498,0.15809114365388316,0.20150871548018007,-0.0385220779550275,-0.0149785737548052,-0.09162720724233277,0.0606689453125,0.1708984375,0.23486328125,-0.0419921875,0.0439453125,-0.11273193359375
0.06377480713676542,0.30224863154319365,0.17592797801472498,-0.08745119177275441,-0.1976114458819249,-0.009886945636191545,0.22576904296875,0.23370361328125,0.19873046875,-0.099609375,-0.22247314453125,-0.1607666015625
0.226594813343229,0.27062171794726303,-0.02716675241715578,0.003426778404428349,-0.3074355085941388,-0.013245401252997809,0.34942626953125,0.1151123046875,-0.04278564453125,0.02288818359375,-0.3179931640625,-0.27880859375
0.21178587106930316,0.19769879974914456,-0.050569538363197976,0.1278940160744624,-0.21366268051040516,-0.17552785800211743,0.28570556640625,0.06524658203125,-0.05126953125,0.157958984375,-0.06036376953125,-0.36810302734375
0.10741144477231944,0.1126358964236757,0.11957771364292331,0.07150992163750752,-0.02842413203639356,-0.044080959495545816,0.1331787109375,0.03997802734375,0.140869140625,0.06939697265625,0.0118408203125,-0.0303955078125
0.025246369328891276,0.009369800290165216,0.12295715165071268,-0.033191978460668826,0.01001054609275593,0.3349754424822368,0.0205078125,-0.00762939453125,0.12841796875,-0.04071044921875,-0.25048828125,0.37396240234375
-0.09794833076401142,-0.0483303745428153,-0.07045195865401237,-0.06404874962946297,-0.09788419129708913,0.3057620913489196,-0.1240234375,0.01007080078125,-0.09759521484375,-0.07354736328125,-0.3331298828125,0.21075439453125
-0.17571379004469767,-0.09101483319429741,-0.10888589565584246,-0.08599973614904421,-0.12972082560702683,-0.05535971311109352,-0.197265625,0.00457763671875,-0.11004638671875,-0.09649658203125,-0.0789794921875,-0.1868896484375
-0.09678800511531584,-0.15796947566863193,0.08835101027692525,-0.013263260999212857,-0.014098636810612419,-0.09382440465649934,-0.14532470703125,-0.0975341796875,0.1158447265625,-0.0003662109375,0.06719970703125,-0.08221435546875
-0.02169540460474384,-0.14725596724065018,0.21983075208786704,0.19081209326038087,0.07471489304669997,0.04997146358062712,-0.08294677734375,-0.1163330078125,0.23687744140625,0.2357177734375,0.0364990234375,0.11578369140625
-0.048306688018150475,-0.045759521922364765,0.10958351863089116,0.2237116427468313,0.04470062853155704,-0.08969560210391724,-0.0667724609375,-0.00714111328125,0.10150146484375,0.23992919921875,0.10931396484375,-0.08831787109375
-0.004820006234719854,-0.018506600851930947,-0.09962501125578951,-0.010265484964515266,0.033765484687379686,-0.1786736404413871,-0.00848388671875,-0.01947021484375,-0.120361328125,-0.0350341796875,0.1702880859375,-0.14642333984375
0.1066075789207738,-0.09205450325243741,-0.1963847659834226,-0.11634687232955432,0.0990558894011167,0.0677470921486164,0.054443359375,-0.14288330078125,-0.21514892578125,-0.1279296875,0.05157470703125,0.1781005859375
0.02357016820094488,-0.1049094308889144,-0.1254929936047542,0.09001392625555936,0.06698477527551147,0.1360154438142353,-0.04400634765625,-0.09246826171875,-0.1280517578125,0.11944580078125,-0.03753662109375,0.1737060546875
-0.249707719241398,-0.019049272271011875,-0.028150527586216546,0.28581708302686337,-0.10440645955205988,-0.1159558343953368,-0.251708984375,0.1239013671875,-0.0321044921875,0.33502197265625,-0.0189208984375,-0.2296142578125
-0.35527129963111453,0.047705048809118286,-0.04866010473520242,0.22996206122863036,-0.1692042636881025,-0.09966375654471059,-0.283935546875,0.22174072265625,-0.069091796875,0.26800537109375,-0.0902099609375,-0.2158203125
-0.10856980752636727,0.061175934887209925,-0.08151318472192437,0.0337286252123745,-0.03566312113242454,0.20586855982390093,-0.0367431640625,0.0887451171875,-0.08978271484375,0.028564453125,-0.17767333984375,0.2119140625
0.22173009661528437,0.08670745332163105,0.03967439213230423,-0.10133097403385032,0.04074851691705496,0.2368591265460462,0.2596435546875,-0.0413818359375,0.05987548828125,-0.11474609375,-0.142578125,0.260986328125
0.23580765570861345,0.09919606955988122,0.15969373046488194,-0.051646602779319095,-0.07337354753762912,0.025288310547389586,0.23480224609375,-0.023681640625,0.1834716796875,-0.04644775390625,-0.10662841796875,-0.0550537109375
-0.06155583921737052,-0.029355747723741672,0.07016654894928077,0.09187678022962845,-0.1645925303043869,-0.024367664211197536,-0.095458984375,0.00543212890625,0.05914306640625,0.110595703125,-0.150146484375,-0.1387939453125
-0.20068487023639064,-0.2753921740831477,-0.005412688699695874,0.05792260892313802,-0.07882727886153355,0.04343679067585227,-0.30322265625,-0.16192626953125,-0.00677490234375,0.05950927734375,-0.1083984375,-0.00921630859375
0.05344124228862909,-0.3685356802786613,0.18879943562277732,-0.13236796366853476,0.07118440287741554,0.08082320643677035,-0.1112060546875,-0.363525390625,0.24993896484375,-0.158203125,0.02532958984375,0.1580810546875
0.25555040903272064,-0.19552746206435323,0.3511480261960045,-0.11142386170261825,0.16806155674497203,0.14232278589164535,0.1392822265625,-0.30194091796875,0.42236328125,-0.11041259765625,0.07421875,0.3218994140625
0.03684610735505271,-0.07050723842884601,0.13541896079142943,0.13933883926993468,0.19700814460484348,0.1335514626371554,-0.020263671875,-0.06060791015625,0.116455078125,0.17816162109375,0.10791015625,0.2799072265625
-0.18892398770634544,-0.19239068208745544,-0.15639590188401767,0.2046367502020996,0.13748096985914943,0.029446904861365922,-0.281494140625,-0.10040283203125,-0.195068359375,0.2269287109375,0.125244140625,0.12542724609375
0.006512178705300764,-0.22252039000518056,-0.0992841117724476,0.006765842099722023,0.013440885137816175,0.09361417326967608,-0.06768798828125,-0.19732666015625,-0.09307861328125,-0.01434326171875,-0.068115234375,0.1307373046875
0.2338085341793004,0.056322502285676646,0.12303073242867409,-0.1038211025752566,-0.07214514335726406,0.23896476358366164,0.25531005859375,-0.04205322265625,0.159423828125,-0.1129150390625,-0.263427734375,0.19610595703125
0.038316577712986986,0.2618041554131624,0.13031711023085069,-0.0123716471670902,-0.08515910351584631,0.06921202107811437,0.13275146484375,0.22119140625,0.13616943359375,-0.0009765625,-0.13134765625,-0.0228271484375
-0.24222936127220407,0.16414140832565632,-0.020744504816913745,0.0893157962315144,-0.07853555010704974,-0.20746222540536743,-0.149658203125,0.25408935546875,-0.03631591796875,0.1087646484375,0.09100341796875,-0.3026123046875
-0.15724739088346923,0.10178506161536124,-0.08665182822877347,0.10381183290745687,-0.06274780160029313,-0.11095849192038736,-0.0653076171875,0.158935546875,-0.09600830078125,0.1142578125,0.01470947265625,-0.130126953125
0.07128863603116928,0.17746567474854474,-0.06130481531346245,0.04663599103254453,-0.020504250183884333,0.1150382939688756,0.15863037109375,0.11846923828125,-0.0667724609375,0.04754638671875,-0.10650634765625,0.1190185546875
0.09355802787723917,0.0345323188949162,-0.06492672461220687,-0.0398950839160449,0.02407640747489548,0.03811885976845632,0.07916259765625,-0.032470703125,-0.0721435546875,-0.05029296875,0.0042724609375,0.03521728515625
0.03190547883351125,-0.2855144985647189,-0.13765686099565555,-0.050786247716978095,0.04344128442602502,-0.12853756821119144,-0.11810302734375,-0.28277587890625,-0.1639404296875,-0.0576171875,0.150390625,-0.1116943359375
0.06015783196535153,-0.3293173666299409,-0.22510818678986497,0.01654300099850031,0.026591520359492124,-0.124646477906016,-0.09283447265625,-0.30908203125,-0.2701416015625,0.02392578125,0.12982177734375,-0.097900390625
0.04214877185246297,-0.1149082689367973,-0.22024452127440616,0.03197595721670484,-0.013693538950947784,-0.08803923651142428,-0.0152587890625,-0.09869384765625,-0.2327880859375,0.03204345703125,0.05047607421875,-0.09259033203125
-0.09708428826392689,-0.040907266169060715,-0.11836017691633692,0.026796739239335864,-0.01257208715379064,-0.024932269718070332,-0.1168212890625,0.01165771484375,-0.11737060546875,0.02996826171875,0.0103759765625,-0.02691650390625
-0.17942189141454556,-0.11768399126441728,-0.085405109260721,0.1159028569506561,0.03137668355059832,0.11429197735534972,-0.212646484375,-0.0238037109375,-0.09674072265625,0.14019775390625,-0.050048828125,0.159423828125
-0.12865303582250395,-0.08616628211311235,-0.16385653802170916,0.174280115322646,-0.009193727073748771,0.06738852973264617,-0.14483642578125,-0.00836181640625,-0.18743896484375,0.19049072265625,-0.06341552734375,0.04681396484375
-0.09925400546346985,0.040693855940610486,-0.14649607245980695,0.0811591737304663,-0.12518939706266405,-0.16399966660865767,-0.0655517578125,0.0921630859375,-0.1551513671875,0.07855224609375,-0.0079345703125,-0.28326416015625
-0.15107368641165717,0.06709363273352228,0.023734321190350915,0.007897727475285166,-0.10100850155245018,-0.1619814303148245,-0.1068115234375,0.1309814453125,0.03924560546875,0.01165771484375,0.027587890625,-0.225341796875
-0.1240526208418487,-0.06766712888525261,0.12079864596148444,0.046555358223660685,0.0401106820918192,0.016560616094245632,-0.133544921875,-0.016357421875,0.130615234375,0.062255859375,0.03704833984375,0.0628662109375
0.04013380083156644,-0.2061604513130967,0.07174635174461043,0.027389532039357407,-0.01182546654829319,-0.047260417206015495,-0.051025390625,-0.20794677734375,0.07342529296875,0.02752685546875,0.0103759765625,-0.08441162109375
0.11001274568842467,-0.07801989081147497,0.03809578991287108,-0.06324463845194188,-0.2185441076358945,-0.18932357894516205,0.065673828125,-0.100830078125,0.044189453125,-0.077880859375,-0.09686279296875,-0.36474609375
-0.07935352350709651,0.2865553308427342,0.035820132630354246,-0.044923727897270914,-0.16704161343525853,-0.07572802821203353,0.0614013671875,0.32745361328125,0.04150390625,-0.04412841796875,-0.097900390625,-0.18756103515625
-0.2788557323002768,0.39259959175051007,-0.00792227373311113,0.07202044976019112,0.1357106901746392,0.030577801406922005,-0.0673828125,0.4710693359375,-0.014404296875,0.101806640625,0.1588134765625,0.16339111328125
-0.17600908199832055,0.031070966421101007,0.0220666400448498,0.139367987478239,0.2254121274557916,-0.05603532709013344,-0.14398193359375,0.057373046875,0.03985595703125,0.15496826171875,0.2655029296875,0.0889892578125
0.07444670965146707,-0.2496323408012714,0.17129663488010372,0.11173122077031108,0.03975836870494767,-0.030269593752832002,-0.0411376953125,-0.25927734375,0.1982421875,0.132568359375,0.0372314453125,0.01239013671875
0.11710878778198068,-0.035696132895919885,0.21971253785933448,0.0068917756842562595,-0.02112172202219814,0.08208787701064707,0.08966064453125,-0.05010986328125,0.2325439453125,0.00201416015625,-0.07928466796875,0.078857421875
0.009852143619424552,0.2819715494437123,0.09771713701580259,-0.0656367912481498,0.10225488468986886,-0.03600642710963701,0.14697265625,0.25628662109375,0.10223388671875,-0.07330322265625,0.15533447265625,0.0213623046875
0.04173917209402437,0.2647576463123797,0.011797932333295678,0.04305772774648996,0.09309482678649664,-0.15976789550910694,0.16302490234375,0.18603515625,0.010986328125,0.065185546875,0.2152099609375,-0.10089111328125
0.1532133911896593,0.028999316555549357,-0.004592600830168079,0.16991109689801695,-0.0443252573742911,0.002029678323846824,0.14324951171875,-0.0670166015625,-0.00653076171875,0.19024658203125,-0.0634765625,-0.0054931640625
0.10367695730545871,-0.19727433250387488,-0.07571575215455056,0.03487115032752375,-0.02085801784671256,0.11251565849236912,-0.0174560546875,-0.22589111328125,-0.0938720703125,0.0203857421875,-0.09478759765625,0.098876953125
-0.025658559523770223,-0.3223575957788266,-0.0884836386529803,-0.13782711863672184,0.11348166951358606,-0.007257622765982106,-0.1842041015625,-0.27166748046875,-0.0943603515625,-0.1708984375,0.14105224609375,0.066162109375
-0.020608357132914906,-0.244766949555938,0.06135219605603082,0.0037047574566087768,0.07153482590598338,0.02275676848588622,-0.11798095703125,-0.1865234375,0.08343505859375,0.028564453125,0.0389404296875,0.0965576171875
0.056590572112462045,-0.05864559175891245,0.122384625698171,0.17501976542598627,-0.06762579892260764,0.19419053295806493,0.03643798828125,-0.06866455078125,0.130126953125,0.2037353515625,-0.222900390625,0.1549072265625
0.072227883648469,-0.022038620379483287,-0.04019509028834994,0.024006028816137955,0.0028456474325840512,0.08450656327324818,0.04931640625,-0.06072998046875,-0.05902099609375,0.00775146484375,-0.034912109375,0.06341552734375
0.09971092588128556,-0.0671085762578358,-0.12804748978898345,-0.12421445258094348,0.18669591701578916,-0.17168874196728923,0.056640625,-0.1163330078125,-0.13885498046875,-0.14581298828125,0.33544921875,-0.04779052734375
0.1705549746323523,0.02716777261845893,-0.010130292003149608,0.005928089185612869,0.1402924340686756,-0.1719097833032945,0.172607421875,-0.0517578125,0.00244140625,0.02459716796875,0.25506591796875,-0.05999755859375
0.11887176886196332,0.1261600244515093,0.03179175811301622,0.06845312968663986,-0.027156374828184004,-0.07240140891473847,0.15142822265625,0.05841064453125,0.03125,0.07269287109375,0.0162353515625,-0.0908203125
-0.08682243506969337,0.09563143189270099,-0.06767615966307988,-0.10291611289453208,0.07069777652316442,-0.1188732049851579,-0.0516357421875,0.12451171875,-0.07843017578125,-0.12664794921875,0.18780517578125,-0.074462890625
-0.22220034772707556,0.1261152996010865,-0.043579499874221904,-0.19645154029988068,0.2888052111284077,-0.13236314892084064,-0.145751953125,0.23876953125,-0.0430908203125,-0.23077392578125,0.42010498046875,0.1044921875
-0.17891805769578084,0.1931889418953232,0.10762114459073872,-0.1430809270251004,0.1543418071174706,-0.04153362041531223,-0.05853271484375,0.25634765625,0.14111328125,-0.15338134765625,0.15869140625,0.08587646484375
-0.11538312885562572,0.06197061894318712,0.16460847680016436,-0.07000453556571601,-0.19063507459491125,-0.028550378122892423,-0.07769775390625,0.0927734375,0.180419921875,-0.0660400390625,-0.19537353515625,-0.185546875
-0.1295513993716553,-0.042852861717295306,0.15702076249064553,0.15311742905603945,-0.20057103988789227,-0.04651747402904421,-0.14068603515625,0.03399658203125,0.1724853515625,0.19512939453125,-0.1473388671875,-0.19256591796875
-0.107805302369333,0.14698905930445555,0.1696560769365421,0.4238083120841782,0.03555701427858116,0.03450948504897006,-0.00433349609375,0.21923828125,0.17364501953125,0.497802734375,0.033935546875,0.074462890625
-0.00046702293398071063,0.21572318124135695,0.06266590740745753,0.26574531556086195,-0.011053713323160004,0.11752882438529048,0.11407470703125,0.17822265625,0.0567626953125,0.26715087890625,-0.11798095703125,0.11138916015625
0.059475418346540625,-0.11495728482537608,-0.13573731974500963,-0.2176669880770405,-0.2834107398761685,0.15550884402738452,-0.01751708984375,-0.17156982421875,-0.1763916015625,-0.28790283203125,-0.43487548828125,-0.05743408203125
0.03362183299562688,-0.27285489288768194,-0.1410022305937144,-0.35916746893564566,-0.3222282303417468,0.17292197875813206,-0.11749267578125,-0.28533935546875,-0.1641845703125,-0.43206787109375,-0.463623046875,-0.06341552734375
0.07373789414752428,0.039013745518701154,0.011722565174231979,-0.09628238529708749,-0.15470532459529182,0.03878308438155593,0.1134033203125,0.03192138671875,0.0059814453125,-0.0672607421875,-0.17034912109375,-0.0968017578125
0.19140147707910737,0.20195133031618503,0.004799544419884936,0.07479693228386476,-0.09936113303269155,-0.17903757526380595,0.266845703125,0.07073974609375,0.00140380859375,0.08184814453125,0.0345458984375,-0.2783203125
0.16244709682538952,-0.07411323397777225,-0.11734988587225312,0.078107732153009,-0.11532888905355676,-0.14612791584505777,0.08721923828125,-0.1651611328125,-0.14190673828125,0.08636474609375,-0.01177978515625,-0.21759033203125
-0.04220801605726884,-0.24083456189304472,-0.08037936980228948,0.10599567619188914,-0.03805567781135502,0.031204936137011616,-0.16314697265625,-0.17498779296875,-0.07843017578125,0.11968994140625,-0.04608154296875,0.024658203125
-0.10790949621459434,-0.06857032417945487,0.04438104629415077,0.06281080071297157,0.035091505269024534,-0.055864935231922874,-0.10577392578125,0.00677490234375,0.056640625,0.06072998046875,0.08160400390625,-0.0516357421875
0.09080369904211817,0.02848930759238212,0.07214282779866515,-0.06362484513474204,0.007553079638301424,-0.2092091610037713,0.1102294921875,-0.0340576171875,0.079833984375,-0.0787353515625,0.15869140625,-0.2127685546875
0.22054091603746687,-0.08027229837819509,0.10633947422286548,-0.03504069332586696,-0.04919613737772424,-0.017271021670533432,0.1446533203125,-0.18115234375,0.1241455078125,-0.02777099609375,-0.04595947265625,-0.02294921875
0.03762179832713577,-0.102380099240364,0.1911729509087322,0.09171201272257248,-0.08871355446589542,0.18732713865832856,-0.03155517578125,-0.09149169921875,0.2159423828125,0.114990234375,-0.23358154296875,0.1298828125
-0.2044897730115081,0.03672611014535696,0.1263737163035968,0.050325203824505935,-0.08308755743838304,-0.0345921001932503,-0.1639404296875,0.14068603515625,0.1285400390625,0.04864501953125,-0.0479736328125,-0.1385498046875
-0.1650297463667557,0.15668120004940458,-0.06975972004337941,-0.0842381625634162,-0.016889014998002994,-0.3350420095525755,-0.05609130859375,0.220458984375,-0.09674072265625,-0.10546875,0.2559814453125,-0.37255859375
0.1311873421263869,0.1569706410832819,-0.13910608237849106,-0.11349458098166072,-0.04495202982257829,-0.31453914610878986,0.22088623046875,0.0609130859375,-0.1553955078125,-0.12908935546875,0.184814453125,-0.33984375
0.41746907017902113,0.05257924636413591,-0.06628909347419004,-0.10582680686667556,-0.2394004058295128,-0.1915207328641061,0.42266845703125,-0.1865234375,-0.0703125,-0.1326904296875,-0.1268310546875,-0.41912841796875
0.4536798250743353,-0.06560920988370084,-0.0004270873233823591,-0.13102546366022932,-0.2924838555955609,-0.13151335859741378,0.37896728515625,-0.293212890625,0.01617431640625,-0.17169189453125,-0.212890625,-0.3990478515625
0.17077513998330443,-0.10143318870171814,0.07274250324672242,-0.10619315480203116,-0.017565773186776584,0.008380746121314148,0.067626953125,-0.1395263671875,0.0955810546875,-0.11968994140625,0.0064697265625,0.02490234375
-0.18626879662471013,-0.09839028541901176,0.138279222901355,-0.04444719905012867,0.22668048481934244,0.10029380672143864,-0.2352294921875,0.01336669921875,0.1634521484375,-0.05010986328125,0.16973876953125,0.28204345703125
-0.23471815758307568,-0.11514283232318533,0.09009930036241656,-0.017140847711564607,0.15386069954582607,-0.05477157556864277,-0.25048828125,0.001220703125,0.08721923828125,-0.01019287109375,0.19451904296875,0.03155517578125
0.011565986514339908,-0.06666088498498658,0.0611401893782968,-0.0052103479869677356,0.015476896719298108,-0.18606614119494297,-0.0035400390625,-0.0660400390625,0.0621337890625,-0.00103759765625,0.15606689453125,-0.1834716796875
0.13192331938453236,0.05216333930373088,0.20786678986172435,-0.02478647135275508,0.03946928736437758,-0.036455808894432895,0.14178466796875,-0.00579833984375,0.24212646484375,-0.02490234375,0.07598876953125,0.0181884765625
-0.020401942305706945,0.09739397040247923,0.29007502000135293,-0.0913077251785753,0.08744365252796636,0.145452444902293,0.01385498046875,0.1033935546875,0.32080078125,-0.10491943359375,-0.026611328125,0.21832275390625
-0.13947817959349232,0.08480368659014731,0.14053095175451497,-0.09441419501477134,0.07219698940785686,0.12595264156440358,-0.08404541015625,0.13873291015625,0.14300537109375,-0.09918212890625,-0.02203369140625,0.17132568359375
-0.0912805173092664,0.12251249607661426,0.0837007426918864,-0.03233758759059048,0.06043602769664456,0.0431284550402909,-0.01678466796875,0.1480712890625,0.09625244140625,-0.0272216796875,0.03326416015625,0.0860595703125
-0.09768178175357264,0.09865427957496291,0.23982315333649548,-0.061617971597144335,0.009599488625030727,0.01687362021287489,-0.04803466796875,0.12957763671875,0.27655029296875,-0.0697021484375,-0.0101318359375,0.02130126953125
-0.1963765341886988,-0.07439425714296646,0.1850907638110888,-0.12746518217524552,-0.09258314382398643,-0.010583524562903035,-0.218994140625,0.0167236328125,0.19140625,-0.1373291015625,-0.091552734375,-0.08758544921875
-0.16393007114943575,-0.18408409797268463,-0.16989119100915903,-0.06405238309055804,-0.11230136347280643,-0.06209258803603566,-0.2198486328125,-0.08441162109375,-0.22003173828125,-0.0640869140625,-0.0633544921875,-0.15447998046875
-0.029099307056941647,-0.09296199726778595,-0.33134713203354127,-0.023689444485419767,-0.06535722431823354,-0.10128205586075097,-0.05938720703125,-0.05450439453125,-0.35986328125,-0.0277099609375,0.01763916015625,-0.14739990234375
-0.036735047748384896,0.0300274094323861,-0.157219751263888,-0.19928648492278947,-0.08947368781682413,-0.057182919288213674,-0.029296875,0.05511474609375,-0.15008544921875,-0.23358154296875,-0.05560302734375,-0.11541748046875
-0.12647177667792373,0.05914449924688527,-0.01629281716720986,-0.3821513961050023,-0.11741759303756416,0.12917942341850733,-0.080078125,0.1243896484375,-0.00799560546875,-0.42938232421875,-0.21295166015625,0.06805419921875
-0.04418783317214958,0.04150570367535745,0.00017478667247899335,-0.32802530425303017,-0.04479990400299284,0.2772408646289749,-0.0003662109375,0.0576171875,0.0029296875,-0.34967041015625,-0.24627685546875,0.25732421875
0.12445387489956534,0.010929836335718753,0.06609283435707457,-0.1458110828884867,0.02447431328461924,0.1289338710892216,0.12030029296875,-0.056640625,0.0806884765625,-0.141357421875,-0.0689697265625,0.12457275390625
0.09208363161441292,0.015665988109016767,0.09255451198918788,-0.010673715533694948,0.05572968956239021,-0.1263534439938679,0.0733642578125,-0.0205078125,0.09674072265625,-0.0020751953125,0.15863037109375,-0.10333251953125
-0.09558064594008595,0.09872964321235085,-0.014739891216793012,0.045553566079487955,0.14771463954108255,-0.09062855821028615,-0.04437255859375,0.144775390625,-0.031005859375,0.0577392578125,0.22564697265625,0.03997802734375
-0.15605270043969835,0.14427708226948469,-0.052267213562120336,0.02754017145300108,0.1734978888196806,0.12129188897925408,-0.06292724609375,0.19708251953125,-0.05706787109375,0.030517578125,0.078125,0.27496337890625
-0.05269065910950859,0.08181309218847689,0.058501283294837274,0.01665693072863732,-0.04198134108535988,0.143479065482794,-0.0018310546875,0.08209228515625,0.075927734375,0.01971435546875,-0.17425537109375,0.099609375
0.010288331214845396,0.0527004124120275,0.13617010502097715,0.08202974328482107,-0.26171606948031784,0.06604809962458201,0.03546142578125,0.04736328125,0.15362548828125,0.10101318359375,-0.31781005859375,-0.13287353515625
-0.06145077987004685,0.07494417253758867,0.1273928251400276,0.060449138852689,-0.18244331548173587,0.114746501773785,-0.02313232421875,0.10406494140625,0.13543701171875,0.06243896484375,-0.2481689453125,-0.0035400390625
-0.15963809839164125,0.009194425443214976,0.054530625234410525,-0.1315317681839625,0.0228550954288976,0.11473617752154953,-0.14093017578125,0.07586669921875,0.0540771484375,-0.15631103515625,-0.04766845703125,0.12939453125
-0.13045632458162906,-0.03892913213085589,-0.14878477677783397,-0.20384643692489557,0.04907790311378744,-0.05619322169374304,-0.127685546875,0.0264892578125,-0.17645263671875,-0.22198486328125,0.0888671875,-0.0439453125
0.0455596831693876,0.07430350287917786,-0.30867760401481964,-0.02620007263323836,-0.038464296373952274,-0.11698665779783156,0.10040283203125,0.0562744140625,-0.3441162109375,-0.01220703125,0.044189453125,-0.14154052734375
0.17078047334848803,0.1385885797616896,-0.11658255734535436,0.08734270889873766,-0.036453994377397485,0.0337524952693609,0.21282958984375,0.03863525390625,-0.10650634765625,0.0963134765625,-0.06243896484375,0.0274658203125
0.06083689162284015,0.05720190412876524,0.21423820629818385,0.021384320381951656,0.050071879375650566,0.08780803681127315,0.06121826171875,0.018798828125,0.25238037109375,0.0191650390625,-0.0059814453125,0.1204833984375
-0.12640411799587614,0.104556035786864,0.20648789987335148,0.010631463150562452,0.10764416942768575,-0.056471975697018686,-0.0645751953125,0.16815185546875,0.2119140625,0.01953125,0.15435791015625,0.00506591796875
-0.10866711878230348,0.22700237382778063,-0.016622034434747458,0.03000044591222317,0.08969510148677713,-0.12635653720843867,0.02490234375,0.2457275390625,-0.0352783203125,0.0355224609375,0.18914794921875,-0.060546875
0.03126843169666425,0.054681485801106405,-0.016040600618342928,-0.08060623451765468,0.05002577987809744,-0.0057240963833512125,0.0469970703125,0.00262451171875,-0.00323486328125,-0.0980224609375,0.04931640625,0.04833984375
0.03735665003782383,-0.19470405849519365,0.12290637681788792,-0.11288036807121916,0.07833851392409132,0.12188346050504704,-0.0736083984375,-0.1944580078125,0.146728515625,-0.11749267578125,-0.00494384765625,0.19354248046875
-0.008227681255227517,-0.037796384150254415,0.085746957149741,0.06402395544042089,0.1273526029139542,0.12224464505613387,-0.0079345703125,0.00262451171875,0.081298828125,0.08917236328125,0.0438232421875,0.21484375
0.07358872587212864,0.2281593231785896,-0.016428062599345896,0.12778051141495725,0.04445755935680189,0.03638834586864648,0.1854248046875,0.1680908203125,-0.02545166015625,0.1383056640625,0.00787353515625,0.06256103515625
0.11657440809839847,0.07398019773135027,0.02662437820763076,-0.03243705945259628,-0.11702665651771668,-0.04047447555020953,0.11492919921875,-0.018310546875,0.03790283203125,-0.05206298828125,-0.0972900390625,-0.13720703125
-0.009639096010538702,-0.21332471779972872,0.08513710121309806,-0.10108215067136454,-0.1411162764673008,-0.03555137776944386,-0.12603759765625,-0.18609619140625,0.09674072265625,-0.10589599609375,-0.10943603515625,-0.140625
-0.04822202510132868,-0.16111264038295683,0.01561716167734192,-0.02714476239568961,-0.04591553358415752,0.045230111221632126,-0.0955810546875,-0.0977783203125,0.0084228515625,-0.0181884765625,-0.072509765625,0.02197265625
0.1045478232357741,0.028815272434778296,-0.07358657939486413,-0.01299756339650643,-0.009543940090744366,0.12263953769364128,0.12298583984375,-0.02239990234375,-0.0830078125,-0.0179443359375,-0.10333251953125,0.12152099609375
0.15045009488107222,0.05950254179325246,-0.07580867160591052,0.016383609672180627,-0.0009291706795577577,0.1446288947743942,0.1478271484375,-0.0223388671875,-0.08135986328125,0.0228271484375,-0.10589599609375,0.14910888671875
0.03387719139262794,0.04622899939374856,-0.04222910168336168,0.11496557667309323,0.07490224756295831,0.09686397287000646,0.04217529296875,0.0301513671875,-0.04498291015625,0.1336669921875,0.015869140625,0.14971923828125
0.03851593706858683,0.054517633852078,-0.05882693429782273,0.04814360675690427,0.12636237246413187,-0.02981172620528571,0.06829833984375,0.02227783203125,-0.065673828125,0.0416259765625,0.15228271484375,0.05072021484375
0.10814270951642492,-0.022136988133536754,-0.11255341468664548,-0.13848967169877005,0.10959207177154942,-0.151381417258082,0.0791015625,-0.08355712890625,-0.1243896484375,-0.16619873046875,0.22235107421875,-0.07806396484375
-0.03335658372014239,-0.14774700006185734,-0.06136156175504404,-0.14149196484693854,0.11509581862464846,-0.11508378761614864,-0.12603759765625,-0.10943603515625,-0.056640625,-0.147705078125,0.2052001953125,-0.0186767578125
-0.2077427388330644,-0.2606346801026464,0.1402534665635457,-0.10702055457004608,0.09387815082918742,0.0582460193806086,-0.31695556640625,-0.13055419921875,0.18414306640625,-0.113037109375,0.0501708984375,0.15911865234375
-0.12449038961780262,-0.3371559431999343,0.23712244379342537,-0.286456148178229,-0.009075014545093709,0.1489351212948208,-0.2872314453125,-0.26300048828125,0.29742431640625,-0.33807373046875,-0.120849609375,0.17095947265625
0.003278106937192016,-0.2159919105750409,0.062062065052134976,-0.33938801507242533,0.017356094554597842,0.04861440220060191,-0.09027099609375,-0.17559814453125,0.0552978515625,-0.364501953125,0.01092529296875,0.06109619140625
-0.0326103816574777,0.07087150115483823,-0.09010335956540963,-0.029423560095425513,0.2613644599599226,-0.09828987500581492,0.00634765625,0.1024169921875,-0.10821533203125,-0.00189208984375,0.36590576171875,0.0933837890625
0.005863996949448624,0.11946706326971232,0.005508182611848911,0.16479375487922077,0.3916979653373053,-0.11482542340374076,0.0723876953125,0.08587646484375,0.024169921875,0.200439453125,0.4825439453125,0.1812744140625
0.14556862153459252,-0.1293500506072461,0.06225453493065707,0.031153944609825963,0.21212350541953817,-0.0034785437832122847,0.06060791015625,-0.21221923828125,0.07177734375,0.01611328125,0.19036865234375,0.16558837890625
0.029656113327079535,-0.207910584926409,-0.08289626808286966,0.08045262377242239,-0.013078855608285676,0.09880387907105033,-0.0902099609375,-0.1766357421875,-0.10784912109375,0.10284423828125,-0.09429931640625,0.094970703125
-0.24137204029266388,-0.011950681551961998,-0.12100064706409724,0.37492035416158664,-0.08742918063561451,0.11217314124883385,-0.23162841796875,0.14361572265625,-0.14501953125,0.45703125,-0.16033935546875,0.0499267578125
-0.17173081855996436,0.08653430892718708,0.005952351827271432,0.2733045526818681,-0.12239373802716924,0.09920175385878768,-0.08721923828125,0.14129638671875,0.0140380859375,0.286376953125,-0.1934814453125,0.0093994140625
0.12633176080932715,0.032585376302511466,-0.02478084415453834,-0.2598575884189227,-0.14732358938703033,0.11759661842758085,0.15570068359375,-0.04791259765625,-0.0379638671875,-0.3240966796875,-0.24322509765625,0.0106201171875
0.117301373398707,0.007166536027003872,-0.13667080847926155,-0.49959574844456767,-0.085584856676998,0.10298066833431986,0.12164306640625,-0.05242919921875,-0.1474609375,-0.561279296875,-0.15582275390625,0.04833984375
-0.10233457173908884,-0.0664265096335323,-0.014244055159432115,-0.2476211406513991,-0.041609634790051274,0.02624051678106674,-0.14105224609375,-0.01190185546875,-0.002197265625,-0.2342529296875,-0.0745849609375,-0.0194091796875
-0.026495911369295053,-0.15651259752718472,0.1153223906367606,0.002813963775659356,-0.11502973754796877,-0.02026454325315596,-0.08123779296875,-0.13604736328125,0.134521484375,0.0133056640625,-0.10614013671875,-0.10699462890625
0.2565966728578318,-0.02009310878752228,-0.04399688078155328,0.06112881910180273,-0.15277222753781355,-0.03214903984625317,0.24176025390625,-0.12420654296875,-0.0758056640625,0.06854248046875,-0.1424560546875,-0.15386962890625
0.2564176011292382,0.15031336172038132,-0.12610215523891283,0.11862077205757256,-0.02769848097839885,-0.09056094775854931,0.2933349609375,0.02227783203125,-0.14019775390625,0.13739013671875,0.0606689453125,-0.12335205078125
-0.015987885331421488,-0.0012010709044932416,0.1513172798696408,0.13844027812146142,0.1256255981082772,-0.08187964405995517,-0.0458984375,-0.00653076171875,0.19366455078125,0.15032958984375,0.1962890625,0.01678466796875
-0.11656365428388414,-0.18570914842782435,0.3398373348739564,0.010609698152443352,0.1359721570107342,0.13566929327991994,-0.20098876953125,-0.12353515625,0.38677978515625,0.00518798828125,0.01788330078125,0.2783203125
0.05804448284960157,-0.03907482369048111,0.15086805108800183,-0.06281210959516836,0.009404230642288874,0.32938848379625085,0.05810546875,-0.05303955078125,0.14642333984375,-0.0662841796875,-0.24871826171875,0.3455810546875
0.1317800365930796,0.10389255984953769,-0.02561350864450349,0.0812925272613429,-0.12139405519750836,0.2229177656864732,0.16656494140625,0.02764892578125,-0.0333251953125,0.10479736328125,-0.29010009765625,0.11572265625
-0.11828539392452758,-0.02689910699113692,0.02872052447690712,0.23351495008032316,-0.13951057784624715,0.034617818036408995,-0.14923095703125,0.0240478515625,0.03729248046875,0.2635498046875,-0.15570068359375,-0.0806884765625
-0.3573094464425145,-0.10550931451446768,0.06039965153178921,0.18434777517696463,-0.08563394712269441,0.06752839537812785,-0.35943603515625,0.09002685546875,0.05804443359375,0.21466064453125,-0.1392822265625,0.01953125
-0.18046401631636175,-0.05668313226688222,0.007784091926585543,0.045196218118034336,-0.1025166662349753,0.14972886201769753,-0.15118408203125,0.02923583984375,0.0028076171875,0.0404052734375,-0.22943115234375,0.073486328125
0.19330941235724375,-0.16333397475800318,-0.004359210182875512,-0.005783266816349164,-0.16102565923015502,0.07627101029197748,0.1102294921875,-0.25885009765625,-0.00372314453125,-0.00408935546875,-0.2293701171875,-0.05767822265625
0.22296923248023337,-0.2145271944785136,-0.07389348723190477,0.019279061494238876,-0.08786927265026198,0.02396828038710462,0.078125,-0.27459716796875,-0.093994140625,0.02435302734375,-0.09979248046875,-0.037353515625
-0.06455317873726008,0.08047148747989598,-0.1810180512618789,0.02531953007975581,0.06330781744154557,0.05612038598801804,-0.02166748046875,0.1444091796875,-0.20452880859375,0.024169921875,0.0308837890625,0.1104736328125
-0.17347982027959727,0.24911410827798097,-0.04804543150158943,-0.009102645868857602,0.0438186925907298,-0.029002092327632113,-0.03082275390625,0.28302001953125,-0.03411865234375,-0.012451171875,0.06243896484375,-0.0147705078125
-0.02539650173738473,-0.07028130059992785,0.1993522510832721,-0.029532395837950417,-0.14950685439145228,-0.11804136535465928,-0.06341552734375,-0.09368896484375,0.23992919921875,-0.02947998046875,-0.07830810546875,-0.23516845703125
0.024356582231298073,-0.29619511112719904,0.10995598527764779,0.011315823223570472,-0.257987724788138,0.05522978423454102,-0.1287841796875,-0.26287841796875,0.10906982421875,0.0191650390625,-0.32623291015625,-0.11663818359375
-0.10418555915758992,-0.016647009350275337,-0.17416587308906453,0.05372382835458844,-0.1661283043833423,0.2378612777031268,-0.096435546875,0.083740234375,-0.223876953125,0.06494140625,-0.32708740234375,0.12701416015625
-0.204554676154242,0.25912408271418674,-0.1060965870044674,-0.021902609736895753,-0.01595240800939268,0.1093996570123312,-0.05450439453125,0.32598876953125,-0.09735107421875,-0.0361328125,-0.08868408203125,0.08428955078125
-0.21922932318523303,0.17710010972097556,0.2180607081526605,-0.17147014908266875,0.019170323677960555,-0.01044939000602613,-0.11859130859375,0.2469482421875,0.27606201171875,-0.19805908203125,0.02130126953125,-0.0006103515625
-0.16619879120788236,0.05842967319668216,0.24828947773743515,-0.1847270567395509,-0.06799140286624866,0.15583957809879245,-0.12078857421875,0.13616943359375,0.269287109375,-0.1905517578125,-0.2071533203125,0.135009765625
-0.024661781202323377,0.048373949148522326,-0.008087617506491658,-0.01927314220368122,-0.0951346789788383,0.2133611338146963,0.01812744140625,0.05169677734375,-0.0308837890625,-0.0047607421875,-0.2486572265625,0.1375732421875
0.05635784472933367,-0.0236696200789226,-0.10662660553517855,0.12111541420846264,0.04932358991276811,-0.03342394808662605,0.03125,-0.0574951171875,-0.11383056640625,0.1385498046875,0.09918212890625,-0.0206298828125
-0.06673823719506461,-0.055587582102345656,0.015927310221936403,0.13548265168680634,0.14443115653770122,-0.12096699960755056,-0.10076904296875,-0.0018310546875,0.02490234375,0.1485595703125,0.23541259765625,-0.00543212890625
-0.18878539490462992,0.06367210269018167,0.08581909015469577,0.11684953647901698,-0.02411472242832396,0.0688484259891333,-0.12628173828125,0.158935546875,0.0870361328125,0.13006591796875,-0.105224609375,0.0704345703125
-0.11058926689601044,0.07902674330357488,0.02703037586900392,0.06757264571125811,-0.19734062515366615,0.07635553147410001,-0.04888916015625,0.10845947265625,0.02410888671875,0.07147216796875,-0.2613525390625,-0.08734130859375
-0.02699228529909824,-0.0925933956228924,-0.03865925632898246,-0.07996059171840006,-0.06573122600301892,-0.09382972055367272,-0.07501220703125,-0.08056640625,-0.040771484375,-0.09930419921875,0.03228759765625,-0.1536865234375
-0.09572165781443837,-0.17040800649067775,-0.043914401684729605,-0.2197321558518142,0.11673977982178611,-0.016572590124599353,-0.177734375,-0.094482421875,-0.0433349609375,-0.2493896484375,0.137939453125,0.093994140625
-0.12173747338023681,-0.11832709427524568,-0.000916599942390405,-0.22607259728057716,0.0068365730596058015,0.16027389828611088,-0.154541015625,-0.0408935546875,0.0040283203125,-0.244873046875,-0.136962890625,0.174560546875
-0.006544801404706166,-0.11530408531671225,0.025263585171002172,-0.1542194549179949,-0.1724090569915824,0.04720781674314536,-0.05206298828125,-0.10565185546875,0.03118896484375,-0.1611328125,-0.212646484375,-0.107421875
0.0641388707198195,-0.03997904444995721,-0.02612329574573384,-0.029037904408165886,-0.1253350495471304,-0.1019101931501628,0.0399169921875,-0.05010986328125,-0.03253173828125,-0.019775390625,-0.03387451171875,-0.19451904296875
0.034144418407206834,0.19869007292249893,-0.0848192788596868,0.16925882664631436,-0.05337735056028808,0.04792258647813957,0.13232421875,0.1807861328125,-0.101318359375,0.20135498046875,-0.097900390625,0.03546142578125
0.050882324897033135,0.26981635223023726,-0.05855891577261911,0.2220535636214776,-0.1361208622562328,0.19046013742227344,0.18865966796875,0.20751953125,-0.06719970703125,0.25579833984375,-0.30645751953125,0.08740234375
0.15156995281807947,0.05922804232155114,-0.040907216024083405,-0.030212036842881648,-0.12363603131272193,0.06276051324969009,0.15313720703125,-0.04815673828125,-0.0423583984375,-0.06146240234375,-0.1610107421875,-0.0513916015625
0.23581686360874807,-0.007875066259484385,-0.12093328988953232,-0.23170240691454347,0.08910585737933589,-0.05037955203526386,0.21258544921875,-0.11322021484375,-0.137939453125,-0.266357421875,0.1519775390625,0.02716064453125
0.203865311567457,0.20182100900321093,-0.14188332843174636,-0.06559707039579889,0.17953255167303117,0.003249543783318126,0.28045654296875,0.09771728515625,-0.1605224609375,-0.05615234375,0.1800537109375,0.154541015625
0.025118936601239886,0.2532181536498861,0.011029624454810923,0.11917214230362357,0.0009920971962877295,0.012611712305361856,0.1192626953125,0.20263671875,0.02764892578125,0.13861083984375,-0.0338134765625,0.00897216796875
-0.14259007616286085,0.02094186361836345,0.15060857146790424,-0.025752939028366485,-0.1549880922212076,-0.015539738880883431,-0.13250732421875,0.07000732421875,0.172119140625,-0.0428466796875,-0.14984130859375,-0.1357421875
-0.10277693331915257,-0.09192172246579056,0.1250724610495878,-0.1974683295135896,-0.0742153415448158,0.06514626792330246,-0.11883544921875,-0.03021240234375,0.13348388671875,-0.21832275390625,-0.1080322265625,0.03076171875
-0.011528858925846666,0.03878503401973231,0.0437733121946612,-0.11192900133899648,0.08029411905437683,0.07517892660343625,0.0191650390625,0.0513916015625,0.04302978515625,-0.1036376953125,0.03656005859375,0.13275146484375
-0.1398528697223059,0.1050168071338918,-0.03501084955750139,-0.0016204651723137255,0.08061373798124973,-0.14376555322079126,-0.0904541015625,0.160400390625,-0.04437255859375,0.001953125,0.19140625,-0.11407470703125
-0.29349837132226386,0.0072353209269635805,-0.1611159397547011,-0.018123717852115195,-0.03781006534813972,-0.326358688043258,-0.27313232421875,0.1573486328125,-0.20904541015625,-0.02813720703125,0.2125244140625,-0.38330078125
-0.16210547707499795,-0.06431683705082912,-0.19329873054837235,-0.0327195068626352,-0.06123007592417156,-0.2403494878740315,-0.156982421875,0.0206298828125,-0.2105712890625,-0.03662109375,0.1217041015625,-0.27508544921875
0.02866511081181012,-0.040727172660590685,-0.017132424264165187,-0.09557072822315693,0.05716511013339471,-0.05521396254592136,0.00970458984375,-0.04400634765625,0.0037841796875,-0.10711669921875,0.1072998046875,0.00201416015625
-0.014982978454186039,0.008938104217249238,0.08654238275665041,-0.2349615858197492,0.10342778168526295,0.014280297059989852,-0.021728515625,0.02703857421875,0.10089111328125,-0.26214599609375,0.0916748046875,0.088134765625
-0.07545470309546033,0.019530490607309117,-0.0816471330795006,-0.16382857744124957,-0.03303587046874429,-0.012121738328497366,-0.05401611328125,0.05084228515625,-0.1002197265625,-0.16650390625,-0.040283203125,-0.04254150390625
-0.00786894926989865,-0.09583476956913164,-0.17591422067559753,0.1032940972362214,-0.16297912665924377,-0.0292970523842396,-0.05316162109375,-0.09442138671875,-0.19171142578125,0.13336181640625,-0.142578125,-0.15045166015625
-0.08948760700446194,-0.28192242222670666,0.03198866162895145,0.11173274693483752,-0.15841337073333925,0.011897581170038548,-0.23284912109375,-0.2037353515625,0.058837890625,0.1180419921875,-0.17352294921875,-0.107421875
-0.27917178052916286,-0.2701921601091394,0.1430764050611346,-0.10358615020520712,-0.13531321951658531,0.07844327916639036,-0.37847900390625,-0.081787109375,0.1700439453125,-0.1324462890625,-0.21282958984375,-0.01715087890625
-0.15858460709532257,-0.03766595791669432,-0.0865286137785354,-0.033769576891452,-0.12170267877707416,0.11162760141040344,-0.1204833984375,0.0567626953125,-0.12603759765625,-0.0164794921875,-0.20660400390625,0.0255126953125
0.1520995666551323,0.061694807678284745,-0.25661854402464035,0.23514183677039893,-0.026691936831677948,0.14828510402847192,0.18487548828125,-0.0299072265625,-0.2894287109375,0.276123046875,-0.1270751953125,0.1292724609375
0.16262694422202323,-0.046941188089336096,-0.13839760285015362,0.2083988631642409,0.044964963006037355,0.21978615938430293,0.09600830078125,-0.12554931640625,-0.1412353515625,0.21649169921875,-0.11834716796875,0.25970458984375
0.006845795506194717,-0.026908977570537857,-0.04280772667935592,0.01685457163741027,-0.012967388433128734,0.196156412606466,-0.0079345703125,-0.013427734375,-0.04962158203125,0.00457763671875,-0.168212890625,0.17706298828125
0.1163259747728351,0.1204439286495544,-0.05065076653389362,0.06631577524045389,-0.0038642340081321367,0.0544473890744214,0.17962646484375,0.046630859375,-0.05853271484375,0.085693359375,-0.03460693359375,0.0428466796875
0.2938201126061371,0.04195817124619661,0.10036121175974821,0.18804824791630473,0.16282052154045162,0.037820921822086,0.27276611328125,-0.1253662109375,0.12994384765625,0.22662353515625,0.1566162109375,0.18499755859375
0.1705936403401371,-0.15865972362791225,0.2738811324723919,0.10925581358379705,0.21397738652146336,0.16910090380240125,0.05517578125,-0.243896484375,0.321044921875,0.12005615234375,0.074462890625,0.35723876953125
-0.021988272894820183,-0.10275295691483936,0.11468993584737908,-0.0006119365239057079,0.08455022053599436,0.1208039211641916,-0.06182861328125,-0.06231689453125,0.09442138671875,0.001220703125,-0.01654052734375,0.1656494140625
0.013911231081783144,0.006910124863938834,-0.18059174913986517,-0.04580924666175507,0.07649501857507263,-0.10536890141048152,0.0286865234375,-0.00732421875,-0.20855712890625,-0.057373046875,0.17486572265625,-0.06817626953125
0.08267381690410451,-0.21915692254919095,-0.19619382939750957,-0.15260762979732764,0.20562950694239657,-0.12122886450614968,-0.0516357421875,-0.2677001953125,-0.2159423828125,-0.1878662109375,0.31854248046875,0.0494384765625
0.038918002395088205,-0.4696073536052612,-0.021137788852460773,-0.15264930033044433,0.1847683296099842,0.04440487617000165,-0.208740234375,-0.44482421875,-0.01068115234375,-0.1815185546875,0.15380859375,0.2203369140625
0.08673911449856722,-0.30149671377774934,0.07445999199169621,0.13579243354147502,0.051874372049321854,-0.00513082188786937,-0.0400390625,-0.2694091796875,0.08001708984375,0.1871337890625,0.04833984375,0.02294921875
0.2256541811239897,-0.027777684422321217,0.11545217531692348,0.359521364206541,0.008444069478546238,-0.19123924218926297,0.1998291015625,-0.13336181640625,0.12957763671875,0.4229736328125,0.15679931640625,-0.2078857421875
0.16820806858397755,-0.06979994653085518,0.12116040735362767,0.20504718177681927,-0.0773271694094451,-0.11611190652017894,0.0850830078125,-0.15283203125,0.130859375,0.200439453125,-0.0057373046875,-0.1561279296875
-0.07693363380850554,-0.1634601711586978,0.0024739841675367044,-0.027613260779700204,-0.2850749411834489,0.12381366352319904,-0.1693115234375,-0.0911865234375,-0.01348876953125,-0.047607421875,-0.40972900390625,-0.0775146484375
-0.1863956501077852,-0.013903372440980147,-0.08454208700246064,-0.039902166086943976,-0.3045306505634093,0.1319259019283384,-0.16326904296875,0.10400390625,-0.09722900390625,-0.0408935546875,-0.391357421875,-0.109130859375
-0.06851555617183265,0.11324703597531982,0.03914550241697229,0.008235322453231372,-0.04358749678400668,-0.0718478489374887,0.00830078125,0.125732421875,0.060546875,0.01251220703125,0.0450439453125,-0.1156005859375
0.05470263221859452,0.04597526094103457,0.14191545235744643,-0.013166854201493836,0.11212939037291676,-0.15771227456135972,0.07061767578125,-0.00030517578125,0.15838623046875,-0.01239013671875,0.2283935546875,-0.07073974609375
0.04789723517092229,0.046291826387242246,-0.006054546940590048,-0.026162983982780108,-0.021752120481642972,-0.01881196133212751,0.06329345703125,0.029052734375,-0.02691650390625,-0.0267333984375,-0.0335693359375,-0.0208740234375
0.015900957430724245,0.14676262701155715,-0.15017843255497543,-0.08605424125134958,-0.19136400803328427,0.1442816220581123,0.0892333984375,0.12860107421875,-0.171875,-0.10418701171875,-0.3123779296875,0.012939453125
0.07040976632679968,0.053120851676168125,-0.013478836074745829,-0.22646212891518397,-0.2214306416239734,0.10891311985958918,0.0931396484375,-0.0078125,0.00811767578125,-0.26287841796875,-0.3011474609375,-0.06396484375
0.13946148181514617,-0.16580211996440924,0.19273138916965848,-0.2174048115118472,-0.16276928000461172,-0.05909494964647259,0.0438232421875,-0.23687744140625,0.234375,-0.23248291015625,-0.1116943359375,-0.20135498046875
0.10873045727209864,-0.1598691974504929,0.12219486538858997,0.008043974749289305,-0.05027847366474228,-0.06444933115627889,0.02423095703125,-0.16534423828125,0.11669921875,0.032958984375,0.005859375,-0.08587646484375
0.048178963957803134,-0.009640818953773942,-0.17793111492532163,0.15817957571743388,0.07823155284697797,0.0929902948053979,0.03668212890625,-0.0235595703125,-0.21905517578125,0.174560546875,0.017822265625,0.16998291015625
0.07935821338818906,-0.052702150895117046,-0.3322440378279046,0.1400131912407439,0.14390561808132163,0.05599424486269085,0.0433349609375,-0.10723876953125,-0.37200927734375,0.1473388671875,0.109375,0.15130615234375
0.10242435944637723,-0.1879016794126868,-0.12021429886601467,0.19177839128281648,0.14054070637869334,-0.17842902106342268,-0.0089111328125,-0.2313232421875,-0.1138916015625,0.22393798828125,0.29339599609375,-0.0972900390625
-0.02155937570164922,-0.08423191895523574,0.1959806269336048,0.29193262167399986,0.08330815087818208,-0.20480538761227005,-0.07647705078125,-0.037841796875,0.240234375,0.3345947265625,0.229736328125,-0.1356201171875
-0.14871896154660239,0.16569711001443388,0.2099181302980388,0.14256690630381044,-0.008892271545280387,-0.049511967599961286,-0.04693603515625,0.23681640625,0.21942138671875,0.138916015625,0.0223388671875,-0.05029296875
-0.10248607427254632,0.23394554198491352,0.021907438640463402,-0.16394596078964577,-0.01035384327692942,-0.09065662425672467,0.0284423828125,0.23883056640625,0.01904296875,-0.204345703125,0.06671142578125,-0.11700439453125
-0.029094519938439485,0.1228635270961202,0.0416170901467906,-0.17607172974231258,0.0857193482196106,-0.17561699455689833,0.02703857421875,0.10894775390625,0.06512451171875,-0.17926025390625,0.23077392578125,-0.1082763671875
-0.10542422608460746,0.036264414850116174,0.17506847171615356,0.12995542573454755,0.02509445923756924,0.042912870712791935,-0.087158203125,0.0853271484375,0.19146728515625,0.1697998046875,-0.025390625,0.09161376953125
-0.19222319590248949,-5.833942149534867e-06,0.03514839183283056,0.26049015061657177,-0.18905579928850355,0.22544133493027177,-0.16912841796875,0.10247802734375,0.0145263671875,0.303466796875,-0.37884521484375,0.07977294921875
-0.11652929724619264,-0.008149138148982596,-0.16314390356657887,0.01884644957598298,-0.155716030076118,-0.02599621090494851,-0.093017578125,0.04620361328125,-0.1883544921875,-0.00537109375,-0.10784912109375,-0.17620849609375
0.044679459724365614,0.07847484015510174,0.024108142835676968,-0.2126436893575032,0.13442029086474827,-0.28051133851425114,0.08941650390625,0.0499267578125,0.0562744140625,-0.24859619140625,0.368896484375,-0.17681884765625
0.15880042744108103,0.16347213070630756,0.28581671507285755,-0.16882085333597668,0.1996746636383396,-0.07852021790205006,0.23614501953125,0.06427001953125,0.33831787109375,-0.18426513671875,0.24127197265625,0.0997314453125
0.17068030491216155,0.03871643641909009,0.10822849310637953,-0.07313847345099153,0.010623718630040656,0.2082925475679517,0.16094970703125,-0.06280517578125,0.091064453125,-0.07403564453125,-0.173828125,0.228515625
0.043244850899951594,-0.182842905513368,-0.17511644043584948,-0.09885125434539746,-0.01748428392327108,0.14431066749409438,-0.0726318359375,-0.19293212890625,-0.20159912109375,-0.11932373046875,-0.11077880859375,0.11761474609375
-0.1328676513383822,-0.19233368623223,-0.0311865471126838,-0.07123038539162135,0.05448880596397292,-0.040479884678164095,-0.2120361328125,-0.08636474609375,-0.00732421875,-0.07427978515625,0.09454345703125,-0.01141357421875
-0.16358162151217887,-0.03107721263749051,0.25248281136182443,0.055378380617376814,-0.08171234134298624,-0.033355667333047026,-0.14569091796875,0.0611572265625,0.2913818359375,0.07733154296875,-0.0810546875,-0.09075927734375
-0.07335034518685157,0.029742658510243415,0.2035809379020475,0.043055319754174926,-0.20468688627061823,0.050236555865551515,-0.04571533203125,0.05712890625,0.20849609375,0.04632568359375,-0.2432861328125,-0.0999755859375
-0.04694290418913852,-0.01900114456490818,0.008539653697209788,-0.11188671310555712,-0.07561947023509086,0.02425450989730908,-0.05224609375,0.00421142578125,-0.00042724609375,-0.13165283203125,-0.0711669921875,-0.03350830078125
-0.04293504546365923,-0.0716210740959652,-0.040196962335657345,-0.12884638968906695,-0.0009341861910041021,-0.04898454542561,-0.06915283203125,-0.0458984375,-0.03692626953125,-0.132080078125,0.03094482421875,-0.057373046875
0.05136826134374339,-0.18907927948312148,-0.058959174645084135,0.005050478528819449,-0.0772821818515967,-0.008456413898503828,-0.037841796875,-0.2005615234375,-0.06988525390625,0.0164794921875,-0.08099365234375,-0.06085205078125
0.06793840201975175,-0.30752357912695794,-0.08821167808065176,0.04954129278705744,0.06229977918282548,0.13738465859853313,-0.098388671875,-0.301513671875,-0.10296630859375,0.0556640625,-0.01922607421875,0.218017578125
-0.10417420933766008,-0.20435641429218532,0.02007932964514296,0.012861228427523515,0.2898556045817271,0.15866105419687487,-0.2117919921875,-0.102783203125,0.03497314453125,0.0064697265625,0.1865234375,0.3895263671875
-0.19743491431340465,-0.00599018184475439,0.10954802104832279,0.05559073086711271,0.08531935057472474,-0.025778852720126328,-0.16455078125,0.09466552734375,0.11944580078125,0.07470703125,0.0767822265625,0.006103515625
-0.0692499555995733,-0.032436895498627744,-0.048369668171398886,0.10504735824259089,-0.30238992855599767,-0.10498866245393244,-0.0692138671875,-0.009765625,-0.0721435546875,0.11944580078125,-0.25103759765625,-0.33294677734375
-0.009567466609209395,-0.13067438565752362,-0.20436910130445285,0.060188115804582464,-0.20930826393476265,0.06800906597365763,-0.0810546875,-0.1053466796875,-0.23394775390625,0.06170654296875,-0.22491455078125,-0.05670166015625
-0.17667304679297072,0.01888744684649096,-0.07522253085899025,0.04444779842172248,0.15245501160424854,0.11093597672140564,-0.15234375,0.1295166015625,-0.064453125,0.05352783203125,0.0997314453125,0.228759765625
-0.3143547730090214,0.19074198810526297,0.0677357034635614,0.10121577414996943,0.11351518227170516,-0.12636164647290632,-0.18267822265625,0.32568359375,0.0799560546875,0.12432861328125,0.21002197265625,-0.08026123046875
-0.233285565724642,0.07056809094931003,-0.0615980730495441,0.062254460346342806,-0.2080938521945767,-0.19737673554541244,-0.17156982421875,0.15875244140625,-0.08612060546875,0.06488037109375,-0.09271240234375,-0.361083984375
-0.03751958332893281,-0.0731380896724595,-0.18988355991851164,-0.09020622126288547,-0.2686526148181044,0.006510233969604964,-0.06243896484375,-0.04791259765625,-0.2149658203125,-0.111083984375,-0.26861572265625,-0.16595458984375
0.10922001195085874,0.032300527472293776,-0.06991481168353707,-0.17168174796146032,-0.1224225570583179,0.028305298931552567,0.1260986328125,-0.01055908203125,-0.05755615234375,-0.18719482421875,-0.133056640625,-0.07110595703125
0.0709034909910085,0.09546131209608881,-0.006833418836285176,-0.12524526219022533,-0.11937389780819967,-0.13126397829702613,0.09661865234375,0.0489501953125,-0.00811767578125,-0.12921142578125,-0.03277587890625,-0.24212646484375
-0.13886395972557283,-0.09025732870730778,-0.2158206545244288,-0.028698618478182773,-0.14557426895193623,-0.05144971376400624,-0.19580078125,-0.0191650390625,-0.25946044921875,-0.02728271484375,-0.11279296875,-0.138916015625
-0.2000787919406549,-0.2120609874223404,-0.3166383665671178,0.07451030787679379,0.07864104439847326,0.10090818307700364,-0.28497314453125,-0.09576416015625,-0.3681640625,0.095703125,0.03253173828125,0.19293212890625
0.05369147992541911,-0.08527361104918965,-0.0420424359176936,0.09418299485554413,0.36447877174346494,-0.04153672395403617,0.03497314453125,-0.1146240234375,-0.01995849609375,0.1083984375,0.423583984375,0.209716796875
0.20732027641757683,0.03518887952660188,0.21148117235712124,-0.059500971088478086,0.3151941997878065,-0.14975980746399625,0.21575927734375,-0.08203125,0.25927734375,-0.076904296875,0.41278076171875,0.08526611328125
-0.03320641622050875,0.007145701199984591,0.10058954643981285,-0.22627690685825425,-0.0008250296374308155,0.062297303008669896,-0.0579833984375,0.0279541015625,0.09197998046875,-0.2559814453125,-0.0858154296875,0.0859375
-0.22307804013326543,0.0008928205085065244,-0.06590752213075499,-0.16964590207471167,-0.15801470422403316,0.13284217820496647,-0.1927490234375,0.11309814453125,-0.07769775390625,-0.1822509765625,-0.25726318359375,0.00323486328125
-0.028564559439634627,0.08809658428303854,0.02528733678557347,0.01929696897772463,-0.09812921368983843,-0.12648129498606991,0.04388427734375,0.0860595703125,0.04388427734375,0.0379638671875,0.0120849609375,-0.22406005859375
0.10601170223329023,0.11053593106012025,0.13584307787372088,0.07525471127275067,-0.16107448963729143,-0.16395931157088428,0.14178466796875,0.04541015625,0.15435791015625,0.08734130859375,-0.0526123046875,-0.27392578125
-0.11075459474482229,-0.023294365807282752,0.03464066049086818,-0.03121166819641334,-0.33534764276471113,0.1402209303627326,-0.14251708984375,0.04608154296875,0.0252685546875,-0.0440673828125,-0.4652099609375,-0.07855224609375
-0.24296532404595744,-0.1443962856885556,-0.0924790826499507,-0.15699496440399782,-0.23175501859974504,0.2433878086810168,-0.2945556640625,-0.00390625,-0.11962890625,-0.197509765625,-0.41094970703125,0.07135009765625
-0.09734112156832513,-0.017751981839282338,-0.11673650302782666,-0.21093879048746036,0.08646814285378711,0.07130779946155183,-0.06842041015625,0.0491943359375,-0.12359619140625,-0.22625732421875,0.070068359375,0.12030029296875
-0.09258254281148713,0.2518092638774844,-0.13698720605001807,-0.117249688452041,0.15410654020330436,0.012883152032561664,0.0362548828125,0.28680419921875,-0.15264892578125,-0.1280517578125,0.13641357421875,0.1439208984375
-0.26492185036297417,0.26726335775433085,-0.09018724780879456,0.11731560165923692,0.007330971163979704,0.010313525577109108,-0.11749267578125,0.35321044921875,-0.1016845703125,0.1568603515625,-0.01043701171875,0.0142822265625
-0.1539674997205978,-0.0042433258411946045,0.08435250058055792,0.2499957261790292,0.03784669767879389,-0.16717251936598115,-0.1357421875,0.0323486328125,0.10784912109375,0.28302001953125,0.188232421875,-0.1668701171875
0.171526324679109,-0.11254675398227736,0.10175458081754972,0.09655360525353507,0.14401875116161722,-0.2792334930931124,0.12677001953125,-0.18878173828125,0.1092529296875,0.094970703125,0.368408203125,-0.1724853515625
0.20183717377053653,0.06280412856747135,-0.13298611110843223,-0.11666807196086462,0.04241104084833057,-0.12724198447835755,0.19482421875,-0.01885986328125,-0.16705322265625,-0.14630126953125,0.1153564453125,-0.0794677734375
0.001484827762312662,0.11702012899852124,-0.1649517401760186,-0.1003433671854786,-0.04417569149333085,-0.007222462671706844,0.0416259765625,0.1026611328125,-0.1666259765625,-0.10198974609375,-0.03509521484375,-0.039794921875
0.015914507449879812,-0.03855435351881613,0.17662173271076306,0.01786116066409621,0.09309720698940935,-0.11079376140310496,0.001708984375,-0.06134033203125,0.2265625,0.03118896484375,0.2015380859375,-0.057373046875
0.1742134829013431,-0.06375578121301213,0.3685404351429876,-0.021737141914837,0.1629611369874287,-0.2051170711906787,0.15533447265625,-0.15283203125,0.429443359375,-0.0250244140625,0.32269287109375,-0.084716796875
0.15009072631050213,0.028858934730792443,0.15316113813219231,-0.12722816554020935,0.03245813568255824,-0.15216971077501204,0.14251708984375,-0.03515625,0.14471435546875,-0.15020751953125,0.12237548828125,-0.12176513671875
0.0678316331488293,-0.0260938967433766,-0.05173623666700661,-0.06264044570814481,-0.02679242874801744,-0.1131403843612046,0.041259765625,-0.06842041015625,-0.06170654296875,-0.05999755859375,0.068115234375,-0.13623046875
0.15655451034017037,-0.08337126854452195,-0.028321608822904448,0.11729657619741282,0.007173499885690239,-0.18067337756700805,0.11016845703125,-0.15234375,-0.02313232421875,0.13848876953125,0.15216064453125,-0.185791015625
0.19778832603125937,0.04964365108616392,-0.007797658410016887,0.17251265914409422,-0.04268895456242744,-0.23631165821987385,0.20770263671875,-0.0379638671875,-0.009521484375,0.193359375,0.12933349609375,-0.2825927734375
-0.0582470393912685,0.11541646118460476,0.013284671313405952,0.036660139116976666,-0.021890350805357808,-0.15305641857360555,-0.0277099609375,0.1334228515625,0.02191162109375,0.02581787109375,0.09967041015625,-0.157470703125
-0.3696865220540487,0.0023521156694904536,0.19329455203855503,-0.13345112164467135,0.1759123425742831,0.032618044986858365,-0.35540771484375,0.18218994140625,0.25030517578125,-0.15997314453125,0.18206787109375,0.20758056640625
-0.3617021042537524,0.03070074854494404,0.29792322321414566,-0.17129289019446045,0.2239921135072204,0.13423804678490495,-0.31878662109375,0.22418212890625,0.3629150390625,-0.19482421875,0.1121826171875,0.34466552734375
-0.0863260136458961,0.2055521516729604,0.1087669549776651,-0.09026378798135529,-0.011615703486194055,0.055426606236396656,0.049072265625,0.21875,0.0970458984375,-0.08062744140625,-0.0762939453125,0.025390625
0.09874272315829342,0.17047460352047403,-0.08454520717337938,-0.05267006993084356,-0.17901889141072588,-0.03014272470850551,0.1663818359375,0.08685302734375,-0.0986328125,-0.05609130859375,-0.1614990234375,-0.17181396484375
0.026760577731996305,0.008154503137315083,-0.046271171463750864,-0.10806655028724745,-0.06800085945582064,0.050721341494709325,0.01092529296875,-0.00701904296875,-0.03875732421875,-0.11859130859375,-0.0909423828125,0.01611328125
-0.1265322609627909,0.06618638580735839,0.023493526677600268,-0.09300200196651384,0.17167114935185857,0.15453294608692072,-0.07818603515625,0.13836669921875,0.021240234375,-0.09368896484375,0.07342529296875,0.29278564453125
-0.1389253864579242,0.20449317114667587,0.04187307744759057,0.07232699016332556,0.35449577787321734,0.06250857164160134,-0.0166015625,0.25665283203125,0.0477294921875,0.10516357421875,0.33782958984375,0.33221435546875
-0.03118854088385132,0.12695036846955246,0.16239763366462845,0.22121408415098104,0.3162297401048712,-0.1549118903295376,0.04278564453125,0.1138916015625,0.2047119140625,0.2679443359375,0.42901611328125,0.06103515625
0.0068253201960208525,0.0008913009661237059,0.22493611627711305,0.23436312831972403,0.0612020165627112,-0.2947114726401116,-0.00299072265625,-0.0001220703125,0.2567138671875,0.26190185546875,0.25665283203125,-0.26068115234375
-0.09883100969041293,0.06114387077207609,-0.044966595253791375,0.17941114437638,-0.03967112050008738,-0.3268551840140092,-0.062744140625,0.123291015625,-0.08441162109375,0.19439697265625,0.218505859375,-0.35675048828125
-0.20344069016537367,0.16478958280100073,-0.38121331972902334,0.07580754937509142,0.18713653076120007,-0.3145798513911521,-0.08380126953125,0.26800537109375,-0.48974609375,0.075439453125,0.46429443359375,-0.19384765625
-0.1398792969529744,0.1292523294954596,-0.34178406458551924,-0.07178738627854081,0.3047467436094318,-0.23238651607098912,-0.04571533203125,0.1649169921875,-0.3861083984375,-0.09991455078125,0.46405029296875,-0.0205078125
0.03415131288921379,-0.005037062369755812,-0.05965676760448224,-0.07775862624177869,0.06004126389888997,-0.06049460484846404,0.03179931640625,-0.0289306640625,-0.03515625,-0.072021484375,0.05853271484375,-0.01068115234375
0.07583567332525205,-0.13153090797488576,0.07929912178534977,0.10304771093082966,-0.16360140060683293,0.07506102905185766,-0.0029296875,-0.154052734375,0.0887451171875,0.13116455078125,-0.224609375,-0.04071044921875
-0.0918906751392126,-0.15674131081990775,0.09151398014257917,0.13688446310439922,-0.15384011285097912,0.04412851072033772,-0.1727294921875,-0.08367919921875,0.0999755859375,0.14678955078125,-0.1861572265625,-0.0771484375
-0.21576642024494072,-0.07574976416373544,0.1246242318712067,-0.09125450694413477,-0.1229087360531053,-0.0568418891884536,-0.22137451171875,0.04388427734375,0.143798828125,-0.120361328125,-0.0850830078125,-0.1595458984375
-0.08600297586756712,-0.029732189674684863,0.0466789389680408,-0.16749565635585892,-0.058143736182533566,-0.017465516550498984,-0.0709228515625,0.00518798828125,0.0408935546875,-0.17230224609375,-0.03704833984375,-0.0491943359375
0.11353930163083986,-0.029210128491560045,-0.16410735474708232,0.06085671499105982,0.11624789526927395,0.14574820388061735,0.09539794921875,-0.0859375,-0.19732666015625,0.08953857421875,0.02679443359375,0.255859375
0.10653638243371712,0.0950057313889428,-0.171755087795322,0.1506976879733618,0.09601751658750973,0.21709550504327457,0.135986328125,0.05194091796875,-0.18115234375,0.16522216796875,-0.08056640625,0.2869873046875
-0.03721420721481528,0.21694474990446064,0.10931271910586778,-0.04354184275080472,-0.1804238898641543,0.14914421794485688,0.06280517578125,0.21697998046875,0.1522216796875,-0.06683349609375,-0.3287353515625,0.00140380859375
-0.06678049807438673,0.01077983089741989,0.23368393483509436,-0.08708041021673307,-0.2645782470914707,0.07796027572912163,-0.0643310546875,0.02130126953125,0.257080078125,-0.08575439453125,-0.31268310546875,-0.1173095703125
0.056884700982123296,-0.3327540159763676,-0.02240418015735923,0.11973198440621044,-0.0905802944726296,0.017924630657125185,-0.10040283203125,-0.34063720703125,-0.0577392578125,0.15509033203125,-0.0888671875,-0.051513671875
0.17258556301559883,-0.3301264001943507,-0.2331110620705812,0.17550405651329665,-0.04505371706393575,-0.08717257747709985,0.0076904296875,-0.37054443359375,-0.29290771484375,0.20147705078125,0.0252685546875,-0.137939453125
0.1465495334470852,-0.10316105914855464,-0.0680226488982723,0.02944226950683316,-0.09682902247589736,-0.1322663611126548,0.083984375,-0.13812255859375,-0.05657958984375,0.01531982421875,0.00030517578125,-0.19854736328125
-0.00014230224215323856,-0.10921265969569167,0.1533478279681498,-0.016402520200011407,-0.0029155323673521224,-0.03591463273892924,-0.07208251953125,-0.10321044921875,0.17510986328125,-0.0084228515625,0.04168701171875,-0.02716064453125
-0.07231876491307691,-0.24098033149790776,0.07226754780863782,-0.0010913057390319878,0.06549004562800537,0.04644289086754222,-0.17315673828125,-0.18035888671875,0.06842041015625,0.0029296875,0.02972412109375,0.1043701171875
0.07373699598944129,-0.13265542936875419,-0.13151314878012935,-0.08958331331245302,0.0009357304007570944,-0.013832047166078176,0.02484130859375,-0.1375732421875,-0.1463623046875,-0.10943603515625,0.0042724609375,-0.0264892578125
0.2465582816118833,0.06424183400394722,-0.13814100540402513,-0.08674156851646157,8.643357327488736e-05,-0.09087708312549875,0.2550048828125,-0.05633544921875,-0.14434814453125,-0.0928955078125,0.0831298828125,-0.09454345703125
0.18963211576614253,0.01905950773846735,0.047986086203073874,0.08662313003934209,-0.035232297177444465,-0.01442603310793,0.15203857421875,-0.07867431640625,0.0682373046875,0.10992431640625,-0.03350830078125,-0.02532958984375
0.0613239378981502,-0.15019179618497935,0.24692651897615547,0.07125472985044096,-0.21341409600338848,0.19362536909120415,-0.03509521484375,-0.17095947265625,0.29656982421875,0.07647705078125,-0.3885498046875,0.05322265625
0.13012370484328095,-0.15854129330451466,0.30034141555367205,-0.2383458327098436,-0.12098796658587133,0.31215911258984386,0.03936767578125,-0.21240234375,0.36444091796875,-0.30133056640625,-0.32135009765625,0.2445068359375
0.19665130692425475,-0.01433666633100086,0.1355694001700602,-0.4383935854705632,0.2605867729332888,0.1159829553988559,0.173095703125,-0.10235595703125,0.1544189453125,-0.537841796875,0.21112060546875,0.30987548828125
-0.024166962448700667,0.1023517576653292,-0.061971594311854776,-0.35187816162241475,0.19781812103213137,-0.25171623345479893,-0.00665283203125,0.128173828125,-0.0806884765625,-0.4027099609375,0.34747314453125,-0.126708984375
-0.2651911535189552,0.08885342889923183,-0.017235983815139938,-0.2432561194838173,-0.2880372421520129,-0.30128050669359946,-0.22137451171875,0.236572265625,-0.01446533203125,-0.29034423828125,-0.109375,-0.5174560546875
-0.1684221179402135,-0.024471858537146184,0.13823534233953846,-0.23284099493073743,-0.27754964884774425,0.0704705160816193,-0.13873291015625,0.06494140625,0.16131591796875,-0.25311279296875,-0.30120849609375,-0.089111328125
0.025081774465533408,-0.1126481909751304,0.08150608420632716,-0.19819731950158537,0.18470197240753197,0.310401484762186,-0.0374755859375,-0.12322998046875,0.08502197265625,-0.22247314453125,0.00091552734375,0.466064453125
-0.05441475399853958,-0.1097033760174336,-0.020029634684424175,-0.13598789562011912,0.2031072325569786,0.09634090574448216,-0.1143798828125,-0.05615234375,-0.02252197265625,-0.14837646484375,0.1129150390625,0.20977783203125
-0.2109969164430283,-0.06892083994130686,0.1691812876905741,-0.08347230564606549,-0.09585431143634857,-0.15305456779729773,-0.22198486328125,0.04833984375,0.2138671875,-0.090087890625,0.00152587890625,-0.24896240234375
-0.10090909768455658,0.003289076021964936,0.3528511204392257,0.05150358521522409,-0.014572255001027618,-0.07028002405436587,-0.06536865234375,0.05010986328125,0.384033203125,0.080810546875,0.0650634765625,-0.0576171875
0.11769194978232188,0.11101971451728553,0.0784656769304009,0.23577176684979445,0.1413638238346847,0.10863639570993104,0.17840576171875,0.0467529296875,0.052734375,0.27655029296875,0.06292724609375,0.22601318359375
0.11301866805000985,0.08249151207392291,-0.325959254862464,0.24529442868007936,-0.07052202551960038,0.09550246509214881,0.12872314453125,0.0184326171875,-0.38916015625,0.255615234375,-0.180908203125,0.0133056640625
-0.04617951598882904,-0.15554443588545663,-0.2748990245551982,0.04679420162991242,-0.11667559138295068,-0.03909984865518717,-0.13958740234375,-0.13037109375,-0.287353515625,0.02996826171875,-0.0594482421875,-0.1365966796875
-0.10931705302491827,-0.2912821943041324,0.055916932845422034,-0.10660038301205386,0.24724066837312597,-0.12670994880653255,-0.24822998046875,-0.20550537109375,0.0863037109375,-0.1290283203125,0.40411376953125,0.07489013671875
-0.09478194206503027,-0.11818609344826617,0.12843026798102067,-0.04565863929190505,0.3272584691629952,-0.08542143144005848,-0.13330078125,-0.03558349609375,0.13531494140625,-0.03875732421875,0.36456298828125,0.17266845703125
-0.1199153184199552,0.05907331548873152,-0.03666976246886792,0.11005122735779525,-0.017105946121864397,0.04493113694788877,-0.0797119140625,0.111328125,-0.0556640625,0.13323974609375,-0.08892822265625,0.0364990234375
-0.0846708284551531,0.002264883014147636,-0.06961156763669057,0.1465248228299279,-0.12449110765931456,0.06443022823460016,-0.06976318359375,0.0277099609375,-0.07196044921875,0.156982421875,-0.15667724609375,-0.02960205078125
0.07580377443899691,-0.04566486203957469,0.07827783684968527,0.03487021043717099,0.02235422968675807,-0.09134821121746256,0.06036376953125,-0.076904296875,0.09869384765625,0.02880859375,0.1104736328125,-0.09075927734375
0.12512074164380743,0.051671284248342816,0.18147621415329304,-0.020045328968974797,-0.08114271909029641,-0.1681264521664631,0.13665771484375,-0.00164794921875,0.20428466796875,-0.02154541015625,0.02056884765625,-0.2354736328125
-0.05234208653891672,0.03637222663695446,0.11773277450605804,0.12412740643405604,-0.2655933823850325,-0.07469055250076849,-0.0501708984375,0.0606689453125,0.12042236328125,0.15576171875,-0.220703125,-0.2620849609375
-0.12402834408345446,-0.12263417813078312,-0.0411606095296177,0.2650078439417474,-0.14270445658290226,-0.07491675339255958,-0.1661376953125,-0.06439208984375,-0.0635986328125,0.30206298828125,-0.05535888671875,-0.187744140625
0.11138341493696113,-0.09238544169897393,-0.11905642204109392,0.12292766772065124,0.010616717273807487,-0.19402431318336344,0.08599853515625,-0.135009765625,-0.13104248046875,0.11602783203125,0.162353515625,-0.198974609375
0.2974406168353897,0.14428925303742451,-0.017672551104384048,-0.17102309842176516,-0.0816977763895047,-0.14159711065922487,0.342041015625,-0.0009765625,-0.00421142578125,-0.22357177734375,-0.000244140625,-0.20660400390625
0.17678836855612848,0.21407050253269083,0.11715844474275929,-0.2307833881995353,-0.12178604202417607,0.052319045725969855,0.246826171875,0.10693359375,0.1483154296875,-0.2550048828125,-0.171875,-0.02337646484375
0.028950808776325818,0.03243625307609609,0.0723123715571232,-0.01826380844113724,0.015362901590751729,0.11764135105991579,0.02825927734375,-0.00189208984375,0.0703125,0.00054931640625,-0.05621337890625,0.12408447265625
0.012126473643380023,-0.09062789359100343,-0.100147214960474,0.12524013964969635,-0.02350987074472125,0.10559393031655342,-0.02960205078125,-0.0869140625,-0.1181640625,0.13641357421875,-0.117431640625,0.08941650390625
-0.09081841921457248,-0.009099173654384656,-0.1543405786168926,0.03524599518051173,-0.2903557313459161,0.14847104875569067,-0.103271484375,0.06329345703125,-0.17413330078125,0.0264892578125,-0.428955078125,-0.06524658203125
-0.19576719411180116,0.10309099456043425,-0.023186997312519612,-0.08496840944034377,-0.3407392896179819,0.10238788141392816,-0.12298583984375,0.20684814453125,-0.01312255859375,-0.09674072265625,-0.41143798828125,-0.15948486328125
-0.015494356045912507,0.09118254187043219,0.09562768696362048,-0.05450926342093243,-0.011920628263119156,-0.046284962392578954,0.056640625,0.07318115234375,0.10565185546875,-0.0447998046875,0.06512451171875,-0.060791015625
0.15630562472962473,-0.02608911076029773,0.05229471129442352,0.03779727665676547,0.2728596162508384,-0.05930001696119756,0.12249755859375,-0.116455078125,0.05279541015625,0.0533447265625,0.33209228515625,0.15887451171875
-0.09376090161385096,-0.15000050945089619,-0.012908916945979192,0.051606395426496296,0.18370452198216913,0.040800450156082656,-0.19207763671875,-0.07623291015625,-0.01837158203125,0.0550537109375,0.1292724609375,0.1865234375
-0.38583402039745546,-0.16348856737183376,0.10229339362359788,0.01782247294179994,0.00447783534429457,0.028638268644256223,-0.41455078125,0.04888916015625,0.135498046875,0.02471923828125,-0.0220947265625,0.02484130859375
-0.2548943545813894,-0.01477508658915328,0.27550552854437027,0.032670780434793524,0.12226631838591764,-0.05280991935991493,-0.20452880859375,0.11309814453125,0.31707763671875,0.0491943359375,0.18707275390625,0.03399658203125
-0.06886369659377284,0.1717666174415131,0.2284462537881509,0.08831061916985265,0.33717760093274124,-0.05786246287163915,0.04547119140625,0.1982421875,0.2508544921875,0.1163330078125,0.40191650390625,0.19683837890625
-0.18466313480806423,0.18828601563568476,0.04775836812564679,0.1283492020447984,0.2488506404858116,-0.0116438140421488,-0.0947265625,0.2587890625,0.0379638671875,0.15045166015625,0.2427978515625,0.18548583984375
-0.20493638227953664,-0.004573338339974561,0.055383538285107774,0.1531889282737216,0.013617909809247132,0.08127347274840403,-0.17279052734375,0.064453125,0.067138671875,0.173095703125,-0.0643310546875,0.0965576171875
0.09228754563287464,-0.2137328767133704,0.20504742402405693,0.15239721851420135,-0.018694464006258946,0.19291527749370327,-0.00079345703125,-0.26220703125,0.23785400390625,0.177978515625,-0.16302490234375,0.19537353515625
0.26301613185692774,-0.2341381310838287,0.18871083321890675,0.059442427323917725,-0.0039390365415020575,0.13096394058610653,0.1168212890625,-0.32781982421875,0.2073974609375,0.06842041015625,-0.11407470703125,0.12860107421875
0.111864487996014,-0.06936957059604644,0.02788699925550395,-0.09661723047065642,-0.1514604773221985,-0.04649550796884142,0.05712890625,-0.08416748046875,0.01397705078125,-0.11761474609375,-0.13372802734375,-0.1812744140625
-0.056508691490423674,0.09951538148991645,-0.024762021179070347,-0.14753891180810405,-0.18295642490154063,0.017377274537070393,-0.00115966796875,0.122802734375,-0.0238037109375,-0.1580810546875,-0.1878662109375,-0.09869384765625
-0.12180344928547412,0.13535127217499707,0.04503644122792543,-0.039991872530022426,0.04795943784189453,0.24186742980854817,-0.04705810546875,0.1763916015625,0.05706787109375,-0.02679443359375,-0.11151123046875,0.312255859375
-0.1273872473949867,0.08878287375445745,0.09925377611360216,0.055198863065799526,0.18246106090041683,0.1719466029475694,-0.06781005859375,0.13433837890625,0.11114501953125,0.07110595703125,0.059814453125,0.289794921875
-0.0007210999259464549,0.08828946750945851,0.08677168131014691,0.05299654550340099,0.07317869626211429,-0.09954129123716787,0.05633544921875,0.07037353515625,0.08978271484375,0.0587158203125,0.13751220703125,-0.0687255859375
0.104666029201103,0.13131431011095288,-0.007775424809989496,0.12503786584036347,-0.012266339876402107,-0.11083402941246671,0.1553955078125,0.06646728515625,-0.02264404296875,0.1458740234375,0.07080078125,-0.103515625
-0.04956706441781084,0.11055253139636347,-0.09179043376889824,0.33501775538131967,-0.017020018351631385,0.03847219777711425,-0.00897216796875,0.13140869140625,-0.11669921875,0.38519287109375,-0.0489501953125,0.03900146484375
-0.19729365741163207,0.04421209458238552,0.01476205469857947,0.40400034701354853,-0.05856272991919462,-0.020050563649603656,-0.16412353515625,0.13348388671875,0.016845703125,0.45751953125,-0.03912353515625,-0.08599853515625
-0.06286960159312119,0.06363412842411825,0.1659036967782757,0.1605787216257817,-0.03181081695427877,-0.13603732635127097,-0.0040283203125,0.08209228515625,0.19140625,0.15374755859375,0.08758544921875,-0.16180419921875
0.004361973156038342,0.12611442474278284,0.02814414713873526,-0.09950615932957767,0.06737257005181735,-0.02724382549116908,0.0606689453125,0.11346435546875,0.00830078125,-0.1175537109375,0.09442138671875,0.0450439453125
-0.1729979678695033,0.044647497441230886,-0.18925153363095049,-0.09742277027229632,0.0030497842626249195,0.13582485754924375,-0.15325927734375,0.11541748046875,-0.22271728515625,-0.10137939453125,-0.116455078125,0.14691162109375
-0.12933172166450205,-0.11712794012016424,-0.024222850189018496,-0.04235265553392042,-0.1561457091013357,0.12193930121932287,-0.15557861328125,-0.0546875,-0.0025634765625,-0.0447998046875,-0.2646484375,-0.00909423828125
0.18690164726704508,-0.07727837290827917,0.27037850212644005,-0.17181952515883153,-0.11565189894949424,0.01017745208790825,0.15869140625,-0.15887451171875,0.326416015625,-0.20135498046875,-0.1033935546875,-0.0841064453125
0.21650304765576683,0.14013604355695988,0.16146720525370464,-0.27940877849193846,0.049830805549380346,-0.08180617613507024,0.25897216796875,0.0504150390625,0.16864013671875,-0.32794189453125,0.1160888671875,-0.04913330078125
-0.010863726273751389,0.1857956424956198,-0.10344756997808112,-0.18365216837528847,0.11735706026888772,-0.14702028068646444,0.05828857421875,0.17010498046875,-0.12799072265625,-0.19073486328125,0.23388671875,-0.06805419921875
0.0027361774977361425,-0.017221068099264134,-0.03453603354053683,-0.11693557347705733,0.1204621405703187,-0.1828694680987329,-0.00543212890625,-0.04248046875,-0.011962890625,-0.1307373046875,0.256103515625,-0.09014892578125
0.07950054401138838,-0.16208153778716372,0.14539792766649942,-0.1967701528276503,0.033075076315839634,-0.1942730179155714,-0.012939453125,-0.1895751953125,0.17694091796875,-0.22833251953125,0.1710205078125,-0.17633056640625
-0.14485097137729905,-0.09605610948104108,0.10526698145481928,-0.16106214422558465,-0.2261731580266733,-0.15564591129810876,-0.19189453125,0.0142822265625,0.1092529296875,-0.17236328125,-0.14068603515625,-0.3199462890625
-0.28080503952657865,0.020014623116864826,0.06201093248732431,0.04104401849799173,-0.3487781919571006,-0.023960921820991743,-0.23553466796875,0.18115234375,0.07855224609375,0.06878662109375,-0.34442138671875,-0.28375244140625
-0.041853229735128096,0.07088717124414026,0.12175747665718416,0.13912666086048142,-0.07891931107199812,0.06519918004849168,0.0289306640625,0.073486328125,0.13055419921875,0.1544189453125,-0.0831298828125,0.01580810546875
0.07295720793410257,0.08418818499813886,0.02598379186180553,0.13530759970026016,0.1939392358028336,-0.05106807639607049,0.0926513671875,0.03765869140625,0.0174560546875,0.14959716796875,0.24957275390625,0.0799560546875
-0.12435833351395308,0.07149723533760383,-0.14360739362080102,0.20231574682507053,0.118483344188958,-0.20208033147580212,-0.09552001953125,0.131591796875,-0.177001953125,0.2318115234375,0.253662109375,-0.13037109375
-0.12477923612881378,0.06858393598418655,-0.08187259076192627,0.16331978033004002,-0.017751020927420667,-0.15963480726282395,-0.0599365234375,0.11212158203125,-0.075439453125,0.172119140625,0.0975341796875,-0.16436767578125
0.11706065423940087,0.13751673733236075,0.045494531990344526,-0.11000749373179972,0.02341158014467588,-0.04834082386790423,0.18402099609375,0.06292724609375,0.05987548828125,-0.14373779296875,0.06768798828125,-0.0234375
0.10804610785123205,0.18621385683667208,-0.03896903773627828,-0.2530543634059576,0.04811325167132701,-0.0013782814738545373,0.16851806640625,0.12213134765625,-0.04815673828125,-0.28424072265625,0.04644775390625,0.03741455078125
-0.11493354901548707,0.07352555249829422,-0.15069851568403875,-0.08348169752730755,-0.004349981987241952,0.09351229320295272,-0.086669921875,0.1119384765625,-0.16558837890625,-0.07257080078125,-0.08172607421875,0.10205078125
-0.15303056052909308,-0.09856178610276305,-0.09822912530261682,0.0275994396288524,-0.011697810997992452,0.17972232757782625,-0.17633056640625,-0.02484130859375,-0.10015869140625,0.03240966796875,-0.1441650390625,0.17999267578125
-0.04686065579545132,-0.1260817043975002,-0.03555610643889563,-0.03772194982460579,-0.03720667135506297,0.06428140148470296,-0.08978271484375,-0.0828857421875,-0.03558349609375,-0.04864501953125,-0.0863037109375,0.01641845703125
0.042123159750540755,-0.03373405227052702,-0.03780357883667852,0.04770067767791767,-0.09358507518606089,-0.08912965381022545,0.03094482421875,-0.04095458984375,-0.0445556640625,0.0645751953125,-0.030517578125,-0.1651611328125
0.18552061307222564,0.0369281315233639,-0.008146634666512758,0.21582817111335287,-0.05148192354606089,-0.050747022527166875,0.1968994140625,-0.05859375,-0.01165771484375,0.2498779296875,-0.00799560546875,-0.076904296875
0.2328469801367006,0.07360202200449939,0.02534122497704766,0.08255077874214142,-0.01748430049571426,0.0005689090273495933,0.2301025390625,-0.041259765625,0.02587890625,0.07147216796875,-0.0233154296875,-0.0152587890625
-0.03475246497644157,0.09005198358006257,0.0265589414433264,-0.19626445289247185,-0.08271741044499265,-0.06469551690708249,-0.0172119140625,0.10797119140625,0.0311279296875,-0.23211669921875,-0.04449462890625,-0.13702392578125
-0.2728579317816189,0.03154129014797007,0.04462130131908493,-0.20752270899161,0.006771587170962846,-0.037409834563700166,-0.23419189453125,0.1512451171875,0.060546875,-0.217529296875,0.0587158203125,-0.01788330078125
-0.09400220190454488,-0.05481265411493402,0.0010202306292755256,-0.06433631252124769,0.2139540434966523,0.06508506819482542,-0.0833740234375,-0.0213623046875,-0.001220703125,-0.05560302734375,0.1834716796875,0.24072265625
0.17469514642349848,-0.02392252995019096,-0.1282320191766156,-0.04581086056541744,0.092678312077278,-0.004771961634084603,0.15484619140625,-0.09979248046875,-0.149658203125,-0.0562744140625,0.07391357421875,0.04522705078125
0.14645908874701155,0.10779779160491156,-0.08919701745168286,-0.04758436713854321,-0.1932131674995284,-0.12253793260947116,0.1719970703125,0.0419921875,-0.0880126953125,-0.0506591796875,-0.1190185546875,-0.27880859375
0.04964592367220688,0.16583509314840672,0.18438535754841387,0.03680752902572489,-0.04599378077692223,-0.065088690475892,0.1202392578125,0.12127685546875,0.224853515625,0.0546875,0.03961181640625,-0.081298828125
0.09264845037448079,0.08306575772331498,0.35374786681310916,0.07019861473011715,0.2556647541115525,-0.01971899102321118,0.14910888671875,0.009765625,0.40533447265625,0.08404541015625,0.29180908203125,0.1678466796875
0.07909110812718377,-0.0505135869558218,0.2756342065354237,0.02732619950297488,0.06225305981178787,-0.10000646785962448,0.03692626953125,-0.0889892578125,0.29296875,0.02471923828125,0.0928955078125,-0.06951904296875
-0.06717506382758559,-0.11706627997395624,0.14950684161878824,-0.004284681451869052,-0.2493614725684662,-0.06785426586018975,-0.12774658203125,-0.06243896484375,0.1591796875,-0.00689697265625,-0.21484375,-0.2431640625
-0.16557887510500646,-0.09074010475428128,0.020286701140416284,-0.06383207749145649,-0.09254299088617118,0.07008729290104966,-0.1806640625,0.00555419921875,0.0106201171875,-0.07830810546875,-0.1094970703125,0.0203857421875
-0.09941850021906451,-0.09396705278659728,-0.12732431055858495,-0.14834563376315743,0.16922270989780183,0.04821861958447704,-0.12322998046875,-0.04302978515625,-0.1451416015625,-0.1689453125,0.1483154296875,0.1640625
0.01221360463236944,-0.14526268215604252,-0.10868812986103554,-0.12443065066993957,0.16828199901887597,-0.06924922429379719,-0.0567626953125,-0.138427734375,-0.10888671875,-0.13140869140625,0.21527099609375,0.04345703125
-0.03245236469892627,-0.07516436046456347,0.06129614059930914,0.0007206521968262094,0.08338116249989484,-0.03182137990131595,-0.06982421875,-0.0301513671875,0.0810546875,0.01513671875,0.10455322265625,0.04150390625
-0.11567606047095728,0.023210559588215007,0.14048645593547215,0.09683969031036278,-0.07928255230190655,0.06976824900848315,-0.0877685546875,0.0792236328125,0.14984130859375,0.11260986328125,-0.1512451171875,0.013671875
-0.018649320609180346,-0.0670624071426058,0.12192783780499392,0.16174006038980324,-0.256588448710406,-0.023870642969985985,-0.042724609375,-0.07147216796875,0.13397216796875,0.1861572265625,-0.247314453125,-0.23638916015625
0.10908100084411795,-0.1185348177096851,0.04974336879845152,0.20519885298755505,-0.1222490476021632,-0.1719954703592106,0.0438232421875,-0.15740966796875,0.04754638671875,0.230224609375,0.03814697265625,-0.27117919921875
0.15362209570993235,0.06506267423255105,-0.13657550547830513,0.15253843538309486,0.14987008392191967,-0.012203707590446087,0.175048828125,0.001220703125,-0.170654296875,0.15838623046875,0.17425537109375,0.1297607421875
0.20230816527034332,0.14096137792475355,-0.22868580134682157,0.0899244495092935,0.1419014271729724,0.2654237443834801,0.2548828125,0.010009765625,-0.26593017578125,0.09307861328125,-0.07989501953125,0.39447021484375
0.14126293983626528,-0.061232626899895753,-0.06898438993983304,0.14984502335649763,-0.02000874568624304,0.162537843122069,0.072509765625,-0.1407470703125,-0.05218505859375,0.16925048828125,-0.14898681640625,0.12060546875
-0.05221085816971176,-0.16547246461588683,-0.0004442730035539008,0.18209621740548773,-0.05846763409722388,-0.1327402811634325,-0.1387939453125,-0.107666015625,-0.00634765625,0.199462890625,0.05255126953125,-0.2012939453125
-0.1349740116075805,-0.01101410411209232,-0.1501168083699639,0.04814237317693877,0.0049128560920629885,-0.10223354537236284,-0.1090087890625,0.07135009765625,-0.17938232421875,0.036376953125,0.0821533203125,-0.073974609375
-0.11514076038127095,0.08670963195468329,-0.08349307446225908,-0.06427099319726444,0.07282780841502638,0.0538230628265639,-0.058349609375,0.12213134765625,-0.0723876953125,-0.070556640625,0.03631591796875,0.12005615234375
-0.15644774868034647,0.04457148542913807,0.20329516869120584,-0.02463526221330606,0.05824860702498708,-0.09086568737116084,-0.12335205078125,0.111083984375,0.2470703125,-0.01568603515625,0.127197265625,-0.0772705078125
-0.15978918353389676,0.11274669366003712,0.14589355859338296,0.004975027786684642,-0.057081850823495726,-0.2387778428827396,-0.07464599609375,0.19000244140625,0.14471435546875,0.0107421875,0.11334228515625,-0.29638671875
-0.08473301632804307,0.2006349186873204,-0.19444464825837335,-0.05023302924422312,-0.10279898434518508,-0.013965778897454408,0.029541015625,0.217529296875,-0.24200439453125,-0.06610107421875,-0.09857177734375,-0.06036376953125
-0.14443490603397535,0.032068226262150445,-0.1818276451722064,-0.04037314823739668,-0.029976709307540896,0.19471315658064955,-0.13812255859375,0.0810546875,-0.18304443359375,-0.0428466796875,-0.1689453125,0.1822509765625
-0.26981229661551326,-0.1460388814088679,0.11082849511799248,0.06911706181677997,-0.08025952215159526,-0.011795168995159687,-0.308837890625,0.0009765625,0.147216796875,0.09295654296875,-0.0819091796875,-0.11529541015625
-0.10378690534357268,0.03869527201033997,0.10375686392857655,0.14099272477330624,-0.27254941318271714,-0.26709271243951294,-0.03753662109375,0.11492919921875,0.10711669921875,0.1722412109375,-0.0902099609375,-0.4892578125
0.23151694609402873,0.31926195909402005,-0.09097506745398284,0.1553810168249808,-0.25317441780289784,-0.1773775266990614,0.41473388671875,0.17864990234375,-0.130615234375,0.1939697265625,-0.108154296875,-0.38787841796875
0.21213738674688928,0.2726082543211658,-0.0400878968235554,0.195681270997952,0.039322250406680394,0.009766168330851853,0.28192138671875,0.120849609375,-0.03363037109375,0.2298583984375,0.05059814453125,0.0595703125
-0.13697659999763107,0.04616576551383072,0.056254389211511775,0.2108362182210696,0.22201877122505737,-0.008325499389273372,-0.138916015625,0.1077880859375,0.058349609375,0.22930908203125,0.24114990234375,0.1385498046875
-0.25783561575480285,-0.0668040826370502,-0.057184503884240456,0.10776569375543792,0.16405652789646127,-0.1310207010271489,-0.25152587890625,0.061279296875,-0.08074951171875,0.10992431640625,0.2664794921875,-0.0220947265625
-0.006156585695982254,-0.1479653877904945,-0.06735284407237103,-0.02862432441786184,0.1553178404592039,-0.20844885618418516,-0.0589599609375,-0.14837646484375,-0.06365966796875,-0.041259765625,0.32232666015625,-0.09454345703125
0.22456640117804477,-0.27332325932548424,0.11239802085048416,-0.07501755205915754,0.2932352331918199,-0.199067951106525,0.07037353515625,-0.3846435546875,0.14215087890625,-0.08880615234375,0.4859619140625,0.02899169921875
0.18422191980070668,-0.2631795936062099,0.056065527303679495,-0.07887696715636994,0.30662411959512126,-0.06720299498883922,0.0267333984375,-0.3231201171875,0.03863525390625,-0.09234619140625,0.3614501953125,0.19219970703125
-0.04558803325408226,-0.10786585878100909,-0.21318071888435475,-0.11283317693693308,0.07872555334712382,0.04982109710475849,-0.10430908203125,-0.051025390625,-0.248046875,-0.13201904296875,0.01727294921875,0.1053466796875
-0.2822967232293274,-0.04212625959626413,-0.20999938886057415,-0.11675328736246215,-0.09581106672175661,-0.027469130562988737,-0.28533935546875,0.10113525390625,-0.22186279296875,-0.13671875,-0.07818603515625,-0.12823486328125
-0.2973045728251963,-0.0836719364059575,0.01591846071187206,-0.049883123653987366,0.04300820209067594,-0.09744502497161764,-0.29010009765625,0.059814453125,0.04095458984375,-0.04620361328125,0.15179443359375,-0.06414794921875
-0.018387235042402767,-0.049378704291715245,0.07002798184804,0.0289661543679105,0.2672245100723857,0.05988103443160486,-0.00860595703125,-0.039794921875,0.07177734375,0.0423583984375,0.22796630859375,0.28460693359375
0.21882284307920047,0.014235337322578612,0.06374476132573258,0.11104801172320372,0.18733720032543855,0.11599520179425948,0.210693359375,-0.09820556640625,0.0745849609375,0.1363525390625,0.08624267578125,0.24969482421875
0.08476749406882017,-0.04884659455956316,0.21871136195124807,0.20382644387605395,-0.07777579539753036,-0.18284980142693075,0.01495361328125,-0.0875244140625,0.2576904296875,0.23223876953125,0.0462646484375,-0.28021240234375
-0.21507622319837652,-0.1083365925524391,0.2521700437152729,0.19674408714635447,-0.08299522644928092,-0.37340464087276654,-0.29058837890625,0.0391845703125,0.295654296875,0.23211669921875,0.22576904296875,-0.4525146484375
-0.32329906459374946,0.00178579099814345,-0.018151927349054287,0.05887222162546634,0.1340598620491003,-0.13077255577057886,-0.2747802734375,0.17401123046875,-0.05487060546875,0.0474853515625,0.274658203125,0.0030517578125
-0.28867961849114665,0.08976684454791539,-0.22944727245709845,-0.020671304978955536,0.131282152012214,0.05522859735641546,-0.2117919921875,0.21160888671875,-0.26763916015625,-0.02923583984375,0.0703125,0.1566162109375
-0.25004919124081126,-0.006648176210897781,-0.14750483653473692,0.018917235339562435,-0.10190090978665968,-0.1487807885782466,-0.22271728515625,0.09991455078125,-0.1497802734375,0.0235595703125,-0.00244140625,-0.27752685546875
-0.09909091143651665,-0.0156018165675521,-0.01198336735761434,-0.016729231966463157,-0.196806003183628,-0.27484617851291365,-0.0758056640625,0.04400634765625,-0.005126953125,-0.021728515625,0.0091552734375,-0.41748046875
0.10267620326185976,0.21681716695495537,0.0049657031162368545,-0.10718392621476168,-0.13022728538571807,-0.011188524729002655,0.21429443359375,0.16033935546875,0.00653076171875,-0.12896728515625,-0.129638671875,-0.07928466796875
0.03667268771855854,0.3011250915941352,-0.011549258396688907,0.019756040557438573,-0.13570918231675663,0.23909209401700235,0.16021728515625,0.24676513671875,-0.01123046875,0.0474853515625,-0.3406982421875,0.15435791015625
-0.22758955334666836,0.03919938933701928,-0.07680025863812144,0.26417413591761785,-0.21961010185734137,0.188448773063131,-0.2156982421875,0.14752197265625,-0.10015869140625,0.3236083984375,-0.37091064453125,0.007568359375
-0.21467236548993,-0.1522602758776604,-0.15646188805023178,0.22981825702362732,-0.14385686382236235,0.04601518670449548,-0.2457275390625,-0.0379638671875,-0.18829345703125,0.25323486328125,-0.156494140625,-0.0645751953125
0.0885621492580806,-0.06390926469936294,-0.0684968520019014,0.0057875651525940205,0.16340414304037348,-0.011868443174696547,0.0753173828125,-0.09429931640625,-0.06207275390625,-0.0069580078125,0.2039794921875,0.1217041015625
0.15890801900867016,-0.03465254080630656,0.03208109563857064,0.03223559763562843,0.34890235775644385,-0.039438134115807634,0.1158447265625,-0.12261962890625,0.03314208984375,0.05413818359375,0.39202880859375,0.2200927734375
-0.12442135457950626,-0.17485825525256715,-0.1546296261516034,0.26796195161437136,0.0999192778240648,-0.030257989708446648,-0.23724365234375,-0.1011962890625,-0.2012939453125,0.32147216796875,0.093505859375,0.04827880859375
-0.21879628761586375,-0.2292576957513716,-0.17054755813493172,0.3097813976238055,0.010228056902900308,-0.09754918919076035,-0.30389404296875,-0.10101318359375,-0.19879150390625,0.3587646484375,0.125732421875,-0.09423828125
